Home Odds,Draw Odds,Away Odds,Bookmaker Margin,Fair Odds(H),Fair Odds(D),Fair Odds(A),Risk Score(H),Cumulative Score(H),Risk Score(A),Cumulative Score(A),Team_encoded,Opponent_encoded,AHh,B365AHH,B365AHA,B365gt2.5,B365lt2.5,Actual,Predicted,Prob_Max
1.25,6.0,12.0,0.05,1.3125,6.300000000000001,12.6,-0.475951184493898,1.0312261678731394,-0.2658610271903323,-1.2536965118697954,295,27,-1.75,1.91,1.99,1.53,2.5,D,W,0.8015040942976587
12.0,6.5,1.22,0.0568516183270282,12.68221941992434,6.869535519125683,1.2893589743589744,-0.2627324171382376,-4.831612056397669,0.3372533386485947,1.1294880000620284,453,275,2.0,1.87,2.03,1.36,3.2,D,L,0.856733662117891
1.18,8.0,12.0,0.0557909604519775,1.2458333333333331,8.44632768361582,12.66949152542373,0.360655737704918,6.728141412249592,0.7998264391090542,-1.1483593277687587,237,95,-2.0,1.91,1.99,1.44,2.75,D,W,0.8239146659635705
13.0,6.5,1.18,0.0782268578878748,14.016949152542372,7.008474576271186,1.272307692307692,-0.1425507885194855,-3.78798197552932,0.604840701407755,3.217555873770153,138,194,2.0,1.88,1.98,1.4,2.87,L,L,0.8293367320677254
1.16,8.5,13.0,0.0566391012638478,1.2257013574660631,8.981432360742707,13.73630831643002,0.4106293513476252,0.904828015757541,-0.5898914063547392,-1.2253744005368374,350,321,-2.25,1.96,1.94,1.33,3.4,W,W,0.916444937099449
1.25,5.5,12.0,0.0651515151515151,1.3314393939393938,5.858333333333333,12.781818181818185,0.3323442136498515,0.3002411449190519,-0.5526315789473685,-0.5059533757932639,365,342,-1.75,2.02,1.88,1.65,2.2,W,W,0.8021849701872806
1.22,6.5,12.0,0.0568516183270282,1.2893589743589744,6.869535519125683,12.68221941992434,0.4846625766871165,1.021181264556878,-0.4805194805194806,-0.2082519351914802,277,327,-2.0,2.07,1.83,1.44,2.75,L,W,0.8016817597271715
1.2,6.5,13.0,0.0641025641025641,1.2769230769230768,6.916666666666666,13.833333333333332,-0.632183908045977,0.4944854700573227,-0.4689165186500889,-1.855524551234404,341,419,-2.0,2.02,1.88,1.44,2.7,W,W,0.8539070838717675
12.0,6.0,1.25,0.05,12.6,6.300000000000001,1.3125,-0.1909364398643026,-1.9889106897394464,0.2596921878044028,-0.8865277569788196,474,3,1.75,1.95,1.95,1.48,2.6,L,L,0.8113471468216755
1.2,5.5,13.0,0.092074592074592,1.3104895104895102,6.006410256410256,14.196969696969695,-0.4025574789896322,-1.3172429770581362,-0.3673469387755102,0.6797440481391883,118,256,-1.75,1.88,1.98,1.44,2.7,W,W,0.8138968636407444
1.17,7.5,16.0,0.050534188034188,1.2291249999999998,7.879006410256411,16.80854700854701,0.2120343839541547,1.356933065662134,0.5588653827910066,1.1283094961256328,341,207,-2.25,1.98,1.92,1.33,3.4,W,W,0.9004155311031372
1.16,7.0,19.0,0.0575576873217527,1.226766917293233,7.40290381125227,20.093596059113302,0.3528761061946902,0.5246334175679723,0.6398374651124611,-0.0329232489425365,377,147,-2.0,1.85,2.0,1.53,2.5,W,W,0.8910941296487589
9.0,5.75,1.3,0.054254923820141,9.488294314381273,6.061965811965812,1.3705314009661835,-0.3276325144166206,0.8088267500603019,0.1685144124168515,0.2874188667564388,459,56,1.5,2.03,1.9,1.4,3.0,L,L,0.8321563572997066
1.11,9.0,21.0,0.0596310596310596,1.1761904761904762,9.536679536679538,22.25225225225225,0.1204588910133843,2.9810256741722343,-0.2107601184600197,0.914517243044126,106,424,-2.5,2.0,1.85,1.36,3.2,W,W,0.8950570421010724
1.25,7.0,9.5,0.0481203007518797,1.3101503759398496,7.336842105263158,9.95714285714286,-0.5972727631008525,-0.01910213742535,0.6845022897083635,0.8519976469921728,290,192,-1.75,1.9,2.0,1.44,2.75,W,W,0.8094802744986943
1.18,8.0,13.0,0.0493807040417211,1.238269230769231,8.395045632333769,13.641949152542374,0.5586549484142147,2.250508861205835,0.5263157894736843,1.0832819473875888,237,190,-2.0,1.88,2.02,1.36,3.1,W,W,0.8673030192118277
1.11,8.5,21.0,0.0661670073434779,1.1834453781512606,9.062419562419562,22.38950715421304,0.7521336480842564,1.8473438550879284,-0.2521666200726866,-4.798831287284664,365,398,-2.25,1.86,2.04,1.44,2.7,W,W,0.9671772876855522
11.0,6.5,1.22,0.0644273759027858,11.708701134930644,6.918777943368108,1.298601398601399,-0.1440329218106995,0.2426226391481908,0.1561389656533754,0.8152686055349841,185,341,1.75,2.06,1.84,1.4,2.88,L,L,0.8407076033116144
9.0,5.75,1.29,0.0602179530389843,9.54196157735086,6.09625322997416,1.36768115942029,-0.2149312622869964,-1.1093872420169275,-0.6882884418683941,-0.5278739030127979,167,60,1.5,2.04,1.86,1.6,2.3,L,L,0.8103587175310587
1.1,11.0,19.0,0.0526315789473683,1.1578947368421053,11.578947368421051,20.0,0.2848401407373413,1.156206263930132,-0.2785145888594165,-2.657088740351033,350,8,-2.5,2.03,1.87,1.4,3.0,W,W,0.8999526250303426
1.25,5.5,12.0,0.0651515151515151,1.3314393939393938,5.858333333333333,12.781818181818185,-0.4903728275762601,-0.2362632381437898,-0.4050632911392404,0.6660273902326836,346,475,-1.5,1.83,2.03,1.83,2.03,W,W,0.8052753801779764
12.0,8.5,1.18,0.0484380192755069,12.581256231306083,8.91172316384181,1.2371568627450982,-0.1658031088082901,-2.6843678857241766,-0.6544502617801047,3.673484039552556,170,341,2.25,1.95,1.95,1.25,4.0,L,L,0.8322676354408916
1.14,8.0,17.0,0.0610165118679051,1.2095588235294117,8.488132094943241,18.037280701754387,0.3196060877350044,3.705173823382695,0.6378886572515554,-0.6344389896187264,417,67,-2.25,1.95,1.95,1.4,2.88,W,W,0.8976983569772768
1.18,6.5,15.0,0.0679704476314646,1.260205128205128,6.94180790960452,16.01955671447197,-0.6873149214535025,-0.1164318655803137,0.676948728636932,0.1956893443091509,365,36,-2.0,2.03,1.87,1.61,2.25,W,W,0.848162319462187
1.2,7.0,15.0,0.0428571428571429,1.2514285714285711,7.300000000000001,15.642857142857144,0.1173215273934698,0.8699771221739141,-0.4059040590405904,-0.0868638739642428,60,473,-2.0,1.86,2.04,1.4,2.87,W,W,0.8309314592617272
17.0,8.0,1.14,0.0610165118679051,18.037280701754387,8.488132094943241,1.2095588235294117,-0.0560684224816725,-0.4017078805168095,-0.5673254656618798,-0.9995013661873146,281,290,2.25,1.95,1.95,1.36,3.1,L,L,0.8128364621584738
1.25,6.0,11.0,0.0575757575757576,1.3219696969696968,6.345454545454546,11.633333333333336,-0.8181074447777473,1.464787743000187,-0.3824701195219123,-0.5103620010728587,379,209,-1.75,1.91,1.99,1.44,2.75,W,W,0.8014342755312842
1.14,8.5,15.0,0.0615067079463365,1.2101176470588235,9.02280701754386,15.92260061919505,0.3063063063063063,4.355037425537946,-0.3787575150300601,-0.3989181014798964,143,287,-2.5,2.01,1.89,1.22,4.33,D,W,0.878203273372805
1.14,8.5,15.0,0.0615067079463365,1.2101176470588235,9.02280701754386,15.92260061919505,-0.5746381507885073,1.679555325327356,-0.2554785540363364,-0.7302399980276184,379,93,-2.25,2.01,1.89,1.44,2.75,W,W,0.9114854450986203
1.22,6.5,12.0,0.0568516183270282,1.2893589743589744,6.869535519125683,12.68221941992434,-0.6880733944954128,-0.7071646517258389,0.4718030182684669,-1.376975937705816,365,177,-1.75,2.05,1.85,1.67,2.15,D,W,0.8026414133984325
12.0,6.5,1.22,0.0568516183270282,12.68221941992434,6.869535519125683,1.2893589743589744,-0.3532608695652174,-0.929281569798834,-0.3954305799648506,-0.4961648150558397,423,377,1.75,1.93,1.93,1.53,2.5,L,L,0.8442120450188902
1.2,5.75,12.0,0.0905797101449275,1.308695652173913,6.270833333333334,13.08695652173913,-0.1707093221450111,6.052048822639264,0.6692274861288946,-4.807873387017673,415,398,-2.0,2.02,1.77,1.5,2.5,W,W,0.8129255977373566
1.18,7.5,13.0,0.0577140373750544,1.248102564102564,7.932855280312909,13.750282485875708,0.3002332555814727,5.7441601739025305,-0.3587221556391288,-4.804531309762027,318,129,-2.0,1.96,1.97,1.44,2.75,W,W,0.8385964950330212
1.11,9.0,23.0,0.0554902728815771,1.1715942028985509,9.499412455934197,24.27627627627628,0.3824437582708425,2.3215134327667646,-0.3934062320151278,-2.716882470821905,0,271,-2.25,2.0,1.85,1.57,2.35,W,W,0.8846407046510892
1.18,7.5,15.0,0.0474576271186442,1.236,7.855932203389832,15.711864406779664,0.5456026058631922,0.6758388062375335,0.8350226439508303,-0.2701910617152294,148,34,-2.25,2.03,1.78,1.44,2.63,W,W,0.8602117143033183
8.0,5.75,1.33,0.0507927427263812,8.40634194181105,6.042058270676692,1.3975543478260872,-0.1907841793091115,-2.95929139099515,-0.7780921584478578,-0.2761500352135015,312,106,1.5,1.93,1.93,1.5,2.5,L,L,0.8064644993306661
1.1,9.5,21.0,0.0619731146046935,1.1681704260651629,10.08874458874459,22.30143540669857,0.2508361204013377,1.2473575956301133,-0.562008242787561,-1.3551436839299351,106,147,-2.5,1.98,1.88,1.36,3.2,W,W,0.8876005959612592
1.18,7.0,15.0,0.0569814366424537,1.2472380952380953,7.398870056497176,15.854721549636809,-0.75,0.6046951775847258,-0.1906936911218955,-0.3644965059138664,3,18,-2.0,1.98,1.92,1.48,2.6,W,W,0.8527029115442211
1.22,6.0,15.0,0.0530054644808744,1.2846666666666666,6.318032786885247,15.795081967213116,-0.5546995377503853,0.825868996427918,-0.3027989821882951,-2.3152633056172,275,8,-1.75,1.88,2.02,1.67,2.2,W,W,0.8633187884869102
1.18,6.5,17.0,0.0601273103765627,1.250950226244344,6.890827517447657,18.02216427640157,-0.2007380073800738,2.8151692791730527,0.7272727272727273,2.5532538677849472,377,424,-2.0,2.02,1.83,1.57,2.38,W,W,0.8600882498050257
15.0,8.0,1.16,0.0537356321839079,15.80603448275862,8.429885057471264,1.2223333333333333,-0.0996515679442508,-1.1896282229249366,0.1818925552222526,1.9318035757493583,393,237,2.25,1.77,2.02,1.44,2.75,L,L,0.8400686433475576
1.2,6.5,15.0,0.0538461538461538,1.2646153846153845,6.85,15.80769230769231,0.4917662793613643,0.2702963800565831,0.8383272368796535,-2.3696977877250216,475,258,-1.75,1.85,2.0,1.73,2.08,W,W,0.8350031772754928
10.0,7.0,1.22,0.0625292740046838,10.625292740046838,7.437704918032787,1.2962857142857145,-0.1639365659466162,0.2975960454049274,0.2299407646742057,1.0452093702091898,489,341,2.0,1.88,2.02,1.33,3.4,L,L,0.8961304541782609
11.0,7.0,1.22,0.0534383649137748,11.587822014051522,7.374068554396423,1.2851948051948054,-0.2497331910352188,-0.0776632407364683,0.1143408652208471,0.687965399485315,227,182,2.0,1.9,2.0,1.33,3.4,L,L,0.8752000726202833
1.3,6.0,8.0,0.0608974358974356,1.3791666666666664,6.365384615384614,8.487179487179485,-0.7384790172548463,1.453106624759293,0.5430984833941256,-0.7645238514089162,194,10,-1.5,1.83,2.03,1.4,2.88,W,W,0.8037928156658583
1.1,10.0,19.0,0.0617224880382774,1.167894736842105,10.617224880382771,20.172727272727272,-0.2506561679790026,2.107694055202095,-0.0866425992779783,-0.6312779161801017,37,281,-2.5,1.86,2.04,1.25,4.0,W,W,0.9253639509003779
8.0,5.25,1.33,0.0673558897243107,8.538847117794486,5.603618421052632,1.4195833333333334,0.5734597156398105,-0.1313847863194897,0.226190476190476,-0.086228360937747,473,60,1.5,1.93,1.97,1.53,2.4,L,L,0.8143822035717339
1.22,5.75,13.0,0.0705082515488788,1.3060200668896322,6.155422446406054,13.916607270135424,0.3324607329842931,1.0093891324851834,-0.2604651162790697,-1.1208912419329558,417,310,-1.75,2.03,1.87,1.72,2.07,W,W,0.8238640130190868
1.14,8.5,13.0,0.0717631182027467,1.2218099547511312,9.109986504723349,13.932920536635708,0.2703560098695805,1.0255181643677496,-0.5185185185185186,-0.970825590857527,9,419,-2.25,1.89,2.01,1.25,4.0,W,W,0.8917954997191215
9.5,6.5,1.28,0.0403593117408906,9.883413461538462,6.762335526315789,1.3316599190283402,-0.2253807106598984,-0.4705886931273692,0.208695652173913,0.1310145725468028,317,350,1.75,1.95,1.95,1.36,3.2,L,L,0.8070634431760434
1.2,7.0,12.0,0.0595238095238095,1.2714285714285714,7.416666666666667,12.714285714285715,0.21968787515006,0.7833470531212707,0.5263157894736843,-0.961928350980634,106,229,-2.0,2.05,1.8,1.44,2.7,W,W,0.8086798834858712
1.11,10.0,16.0,0.0634009009009008,1.1803750000000002,10.634009009009008,17.014414414414414,0.2572586090479406,-0.3473867619402641,-0.3747394747811588,0.2712702290836563,0,475,-2.5,1.95,1.9,1.4,2.88,W,W,0.8714827785796707
15.0,8.0,1.16,0.0537356321839079,15.80603448275862,8.429885057471264,1.2223333333333333,-0.1453287197231834,-0.4428720231816627,0.1818925552222526,0.739667431848272,46,56,2.25,1.83,2.07,1.3,3.5,W,L,0.8242121384117211
1.2,6.5,15.0,0.0538461538461538,1.2646153846153845,6.85,15.80769230769231,-0.5292652552926526,-0.26244524379179,-0.4512126339537507,-0.5457738206039361,332,239,-1.75,1.85,2.0,1.65,2.2,W,W,0.8616231675463242
1.22,6.5,12.0,0.0568516183270282,1.2893589743589744,6.869535519125683,12.68221941992434,0.44423332699981,-1.019463297256125,-0.3703703703703703,-2.5378211645976645,267,367,-1.75,1.95,1.95,1.67,2.2,W,W,0.8000586067095898
1.14,8.0,21.0,0.049812030075188,1.1967857142857143,8.398496240601505,22.046052631578952,-0.5157087602632829,-0.0742231069210199,-0.2973183054799844,-0.4960648746243459,237,129,-2.5,2.02,1.88,1.3,3.5,W,W,0.9072273360530199
1.08,10.0,23.0,0.0694041867954911,1.1549565217391304,10.69404186795491,24.5962962962963,-0.3475836431226766,4.499329294725099,-0.0451886610529022,-1.191124170613954,427,403,-2.5,1.8,2.05,1.29,3.6,W,W,0.9435748535655166
1.18,7.5,13.0,0.0577140373750544,1.248102564102564,7.932855280312909,13.750282485875708,0.3065187239944522,1.051127225638454,-0.3163064833005893,-0.3333594638532753,237,421,-2.0,1.89,2.04,1.36,3.2,W,W,0.8755016917653101
1.14,8.5,15.0,0.0615067079463365,1.2101176470588235,9.02280701754386,15.92260061919505,0.2435530085959883,0.2900141132793776,-0.5198277142432793,-2.165675378413965,290,269,-2.25,1.95,1.95,1.33,3.4,W,W,0.9344049669329186
13.0,5.75,1.25,0.0508361204013378,13.660869565217393,6.042307692307693,1.3135451505016722,0.8651685393258427,-0.2647543836786572,0.2955679483416495,0.2093395874039025,364,60,1.75,1.98,1.92,1.48,2.6,L,L,0.8710165234042986
1.14,7.0,19.0,0.0726817042606515,1.2228571428571426,7.508771929824562,20.380952380952383,0.3499223595823718,0.6617290347961841,-0.3697659437406055,0.5217172260058953,365,112,-2.0,1.83,2.07,1.5,2.5,W,W,0.9016460195102285
9.0,5.25,1.33,0.0534670008354218,9.481203007518795,5.530701754385965,1.401111111111111,0.5677966101694916,-0.6282047778755786,0.1848492277518999,0.1738504887438851,391,106,1.5,1.95,1.9,1.57,2.37,L,L,0.808065113530238
1.22,7.0,11.0,0.0534383649137746,1.285194805194805,7.374068554396422,11.58782201405152,-0.639344262295082,0.6973056885618906,-0.3276325144166206,2.67125503027974,341,419,-1.75,1.86,2.04,1.5,2.5,D,W,0.8152535542906139
1.22,6.0,11.0,0.0772478887232985,1.3142424242424242,6.463487332339791,11.849726775956285,0.3607754987355999,1.4376868517213024,-0.3107769423558897,-0.0474939054356005,365,58,-1.5,1.77,2.02,1.57,2.35,W,W,0.8003155966042668
13.0,8.5,1.14,0.0717631182027467,13.932920536635708,9.109986504723349,1.2218099547511312,-0.3943044906900328,-2.3144397191813044,0.1375061606702807,0.7291823265943489,489,9,2.25,1.94,1.96,1.25,4.0,D,L,0.8599973712118775
1.18,6.5,19.0,0.0539353599121663,1.2436437246963563,6.850579839429081,20.02477183833116,0.0,0.0,0.0,0.0,332,348,-2.0,2.03,1.83,1.67,2.15,W,W,0.8569372420483795
1.22,7.0,11.0,0.0534383649137746,1.285194805194805,7.374068554396422,11.58782201405152,0.1987837948886515,0.2383306323033215,-0.4139553116424931,1.2384352334944355,377,391,-2.0,2.05,1.8,1.44,2.75,W,W,0.8179748913590442
1.12,7.5,19.0,0.0788220551378444,1.2082807017543855,8.091165413533833,20.497619047619047,0.3445692883895132,1.5773946132213066,0.6311436330092659,-0.8290916099745125,60,294,-2.25,2.03,1.87,1.5,2.5,W,W,0.8922086440579509
1.1,11.0,17.0,0.0588235294117647,1.1647058823529413,11.647058823529411,18.0,0.0926819254849636,1.1815609171113794,0.5807027992852889,1.2897638073391051,56,483,-2.75,1.98,1.95,1.2,4.5,W,W,0.9006617044952447
1.14,7.5,19.0,0.063157894736842,1.2119999999999995,7.973684210526316,20.200000000000003,0.2334152334152334,1.388741686222036,-0.316546762589928,-1.1685414175460809,106,312,-2.25,1.93,1.93,1.36,3.1,D,W,0.90268536008683
1.14,9.5,15.0,0.049122807017544,1.1960000000000002,9.966666666666669,15.73684210526316,0.2408759124087591,-1.6334413664445178,0.4278289212879353,1.2542087651459712,56,483,-2.5,2.02,1.88,1.22,4.33,W,W,0.8571995780819123
1.18,7.5,13.0,0.0577140373750544,1.248102564102564,7.932855280312909,13.750282485875708,-0.4983388704318937,-0.1358864400186302,-0.2796610169491525,-1.7607573541294863,350,279,-2.0,1.85,2.05,1.36,3.2,W,W,0.8688592970428459
1.14,9.0,12.0,0.0716374269005848,1.221666666666667,9.644736842105264,12.85964912280702,0.3083186823355232,1.0264602507941736,-0.6624541377904607,1.00955993364881,56,230,-2.5,2.04,1.86,1.22,4.33,W,W,0.8247920985982724
13.0,7.5,1.17,0.0649572649572649,13.844444444444443,7.987179487179486,1.246,-0.1727904667328699,-1.6343809377749707,0.3931034482758621,1.2322046354176457,6,179,2.25,1.88,1.98,1.3,3.5,L,L,0.8175125210546275
1.14,8.5,15.0,0.0615067079463365,1.2101176470588235,9.02280701754386,15.92260061919505,-0.6018171661844011,0.7996089955115059,0.7881202097620008,1.436491970566296,379,19,-2.25,1.94,1.99,1.3,3.5,W,W,0.9463031779720616
1.17,6.5,19.0,0.0611785874943768,1.241578947368421,6.89766081871345,20.16239316239316,-0.3527021535960991,-1.6603274135784043,0.6078431372549019,1.877318367824352,0,347,-2.0,1.98,1.88,1.65,2.2,W,W,0.8498011630365039
1.2,7.0,13.0,0.0531135531135531,1.2637362637362637,7.371794871794873,13.69047619047619,0.3932190348067804,2.0669656563655274,-0.2368421052631578,0.4761972475536958,277,281,-2.0,1.88,2.02,1.3,3.5,W,W,0.8492606098016136
1.25,5.5,15.0,0.0484848484848485,1.3106060606060608,5.766666666666667,15.727272727272728,-0.4950748900815249,0.5615030928253422,-0.4221789883268483,-1.70049005033971,346,45,-1.5,1.78,2.03,1.8,2.0,W,W,0.8462166178107303
1.18,6.5,13.0,0.0782268578878748,1.272307692307692,7.008474576271186,14.016949152542372,0.3085880640465792,0.8577623526356168,-0.4817518248175182,-0.8380411218488516,365,67,-1.75,1.86,2.04,1.53,2.4,W,W,0.8671685948130339
1.14,8.0,19.0,0.0548245614035087,1.2025,8.43859649122807,20.041666666666668,0.3196060877350044,0.0475611646563915,-0.4993065187239944,-1.1653284611473178,290,132,-2.25,2.02,1.88,1.44,2.75,L,W,0.872986723618346
1.25,5.5,12.0,0.0651515151515151,1.3314393939393938,5.858333333333333,12.781818181818185,-0.7512991833704529,-1.1777104736930335,-0.417910447761194,-0.3049545050566371,340,330,-1.5,1.85,2.0,1.72,2.07,W,W,0.8158137179875474
1.16,8.0,15.0,0.0537356321839082,1.2223333333333335,8.429885057471266,15.806034482758625,0.3279712235470264,0.516143834540548,-0.3648208469055374,-0.0010833562054263,332,239,-2.0,1.9,1.95,1.65,2.2,W,W,0.8861425305124321
1.13,8.5,19.0,0.0552343899832872,1.1924148606811145,8.969492314857941,20.049453409682457,0.3356161834220419,-0.5237485465161875,-0.481786133960047,0.7843779062803045,332,475,-2.25,2.0,1.85,1.5,2.5,W,W,0.8813198205706222
1.22,5.75,13.0,0.0705082515488788,1.3060200668896322,6.155422446406054,13.916607270135424,-0.237410071942446,3.639556061146871,-0.2798289933929265,0.8683818271565105,346,347,-1.75,2.02,1.77,2.02,1.83,W,W,0.8284121364916602
1.22,6.5,10.0,0.0735182849936948,1.3096923076923075,6.977868852459017,10.735182849936947,0.3196060877350044,2.0497891738556406,-0.4644412191582003,-1.9259436061020545,340,330,-1.75,1.85,2.0,1.57,2.35,W,W,0.802421064097301
10.0,5.0,1.28,0.08125,10.8125,5.40625,1.384,-0.225296442687747,-3.2844188074236498,-0.4564841498559077,-1.0765714446496293,136,182,1.5,1.99,1.91,1.44,2.7,W,L,0.8199459964309901
1.12,10.0,15.0,0.0595238095238095,1.1866666666666668,10.595238095238097,15.892857142857142,-0.5429892624813857,-0.1598415694676253,-0.5116751269035532,-2.2289367912240223,9,472,-2.5,1.99,1.91,1.28,3.6,D,W,0.897020359038111
1.11,10.0,17.0,0.0597244303126656,1.176294117647059,10.597244303126654,18.01531531531532,0.3931805047197072,-2.911677680593346,0.6534653465346534,1.680578035943776,56,68,-2.5,1.91,1.99,1.25,4.0,W,W,0.919881727031202
1.18,7.0,17.0,0.0491382993875517,1.237983193277311,7.343968095712863,17.83535108958838,-0.3648208469055374,0.5104869470264882,-0.3443708609271523,-1.7087913316506318,37,90,-2.0,1.99,1.91,1.48,2.6,W,W,0.8388704275420258
11.0,5.75,1.27,0.0522237091905013,11.574460801095515,6.050286327845384,1.3363241106719368,-0.2523117569352708,-1.673158444926251,0.3283802401102145,1.896334324630668,413,277,1.75,1.9,2.0,1.44,2.75,L,L,0.8588466284355597
1.09,9.5,23.0,0.0661726114248524,1.1621281464530893,10.128639808536098,24.521970062771608,0.4870064124198446,1.3360890604814888,0.7372013651877134,1.3058773080403645,350,422,-2.75,2.0,1.9,1.25,4.0,W,W,0.9493513837398005
1.2,6.0,13.0,0.0769230769230768,1.2923076923076922,6.461538461538462,13.999999999999998,0.4460929772502472,0.6108818563011157,0.6340183646698732,-0.0491211842090485,365,310,-1.75,1.87,2.03,1.57,2.35,W,W,0.8646428817003645
1.14,8.5,17.0,0.0536635706914345,1.2011764705882353,8.956140350877194,17.912280701754387,-0.5129935875801553,0.1949695704720293,-0.4230769230769231,-2.86682711245551,350,73,-2.25,1.93,1.97,1.36,3.2,W,W,0.920235999907044
1.11,9.0,17.0,0.0708355414237766,1.1886274509803922,9.637519872813993,18.204204204204203,0.3901258470474347,1.9529247792679392,-0.4009005450667509,-0.7590002080952823,9,461,-2.5,1.85,2.05,1.28,3.6,W,W,0.9074404066472213
26.0,10.0,1.09,0.0558927311220889,27.45321100917431,10.558927311220888,1.150923076923077,-0.2697368421052631,-0.6360510482761561,0.1601664066562662,-0.1592217376670048,489,9,2.5,2.02,1.88,1.33,3.4,L,L,0.8363275623978239
1.2,7.5,12.0,0.05,1.26,7.875,12.6,0.4570107375186143,0.4926712905804438,0.619577442159383,0.7520299051011803,56,287,-2.0,2.01,1.92,1.33,3.4,W,W,0.8141592623094984
1.2,8.0,11.0,0.0492424242424243,1.2590909090909093,8.393939393939394,11.541666666666668,0.3016759776536314,-1.0454621888290212,0.6391251518833536,-1.635386492224643,290,492,-2.0,1.96,1.94,1.5,2.63,W,W,0.8131103075338798
1.12,8.0,19.0,0.0704887218045111,1.1989473684210528,8.56390977443609,20.33928571428571,-0.5128205128205128,4.33143436470808,0.5223377353189098,-2.197664563100617,365,473,-2.25,1.9,2.0,1.36,3.1,W,W,0.9080672424358551
1.14,6.5,17.0,0.0898626657140588,1.242443438914027,7.084107327141383,18.527665317139,-0.5342110943233326,0.3208427949564,-0.2903225806451613,-6.143057107165365,265,362,-2.0,1.85,2.0,1.5,2.5,W,W,0.895251885067271
1.2,7.5,12.0,0.05,1.26,7.875,12.6,0.3782442939913701,5.844213490018676,-0.2483544819162652,-0.4221994918025796,273,230,-2.0,1.98,1.92,1.3,3.5,W,W,0.8078074416019984
11.0,5.75,1.28,0.0460721343873518,11.50679347826087,6.0149147727272725,1.3389723320158102,-0.2814662427529456,-0.0210552562864422,0.2435530085959883,1.2316881673710942,476,182,1.75,1.8,2.0,1.6,2.3,L,L,0.8381711378088064
1.06,13.0,29.0,0.0548020619588609,1.1180901856763927,13.712426805465192,30.589259796806967,0.1987837948886515,-0.0771531113306616,-0.1354490430230656,0.2216319376879857,290,327,-3.0,2.02,1.88,1.22,4.33,W,W,0.8740833462976138
1.22,7.0,12.0,0.045862607338017,1.2759523809523807,7.321038251366119,12.550351288056206,-0.5908776779543885,2.1718617845103467,-0.1004784688995215,-2.139736363661348,277,132,-2.0,1.99,1.91,1.4,3.0,L,W,0.8048378506904459
1.14,7.5,19.0,0.063157894736842,1.2119999999999995,7.973684210526316,20.200000000000003,-0.7137192704203014,0.0791323927571429,-0.2734243501028614,-1.496691312153518,237,393,-2.25,2.07,1.83,1.44,2.75,W,W,0.8946147472279693
9.5,5.5,1.3,0.0563121089436877,10.034965034965031,5.809716599190283,1.3732057416267942,-0.2508960573476702,1.357535759942697,0.3002332555814727,-0.0327944498979724,421,237,1.5,1.98,1.92,1.61,2.3,L,L,0.8552564295552584
11.0,5.5,1.28,0.0539772727272727,11.59375,5.796875,1.3490909090909091,0.730263157894737,-1.209210488923226,-0.7913043478260869,-1.122426840747567,147,106,1.5,2.0,1.85,1.61,2.3,L,L,0.805068492177384
1.1,9.0,19.0,0.0728335991493884,1.1801169590643272,9.655502392344497,20.383838383838384,0.3727272727272727,1.8931413234511325,-0.0728008088978766,-3.271378786650125,277,413,-2.5,1.95,1.95,1.29,3.75,W,W,0.9578984225186989
21.0,15.0,1.06,0.0576819407008084,22.21132075471698,15.865229110512129,1.121142857142857,-0.0600624024960998,-1.3928337935319954,0.3197278911564625,3.512625440752644,155,176,3.75,2.002,1.876,1.14,5.0,D,L,0.8055990752048382
1.12,9.0,19.0,0.0565998329156223,1.183391812865497,9.509398496240602,20.075396825396822,-0.3965183752417795,-0.4270162612877451,-0.5151610291323099,-1.7980677083001642,290,90,-2.25,1.8,2.0,1.36,3.2,W,W,0.9345375669526129
1.07,13.0,23.0,0.0549807770449786,1.128829431438127,13.714750101584722,24.26455787203451,0.249057521585796,0.3800720941325989,-0.3371104815864023,-0.6858197314293577,350,84,-3.0,1.96,1.94,1.2,4.5,W,W,0.9266387497793609
1.14,9.0,15.0,0.0549707602339182,1.2026666666666668,9.494736842105263,15.824561403508774,-0.5580029368575625,-0.0804827383310921,0.764063242179548,-0.0863135093100243,9,225,-2.5,2.05,1.85,1.25,4.0,W,W,0.864669410657697
1.22,6.0,13.0,0.0632618747372846,1.2971794871794873,6.379571248423708,13.8224043715847,0.2033165104542177,0.8625257585669127,-0.2384279475982532,0.587589744880432,340,348,-1.75,1.9,1.95,1.57,2.35,W,W,0.8510309539792529
1.14,8.5,15.0,0.0615067079463365,1.2101176470588235,9.02280701754386,15.92260061919505,0.248595062196123,1.879607838906686,0.6391251518833536,-0.7665498228655663,341,213,-2.25,1.92,1.98,1.36,3.1,W,W,0.9339969299572392
1.2,8.0,11.0,0.0492424242424243,1.2590909090909093,8.393939393939394,11.541666666666668,0.1632215968521193,3.5979690492291247,-0.4285567116513856,-0.4748783659884885,194,196,-2.0,1.93,1.93,1.4,2.88,W,W,0.8090238312875426
1.17,7.0,23.0,0.0410362584275627,1.2180124223602482,7.287253808992939,23.94383394383394,-0.3532277710109623,2.1147478092075587,-0.4736842105263159,-3.4827826073828114,0,39,-2.0,1.98,1.88,1.73,2.08,W,W,0.8490034632916934
1.22,6.5,12.0,0.0568516183270282,1.2893589743589744,6.869535519125683,12.68221941992434,0.3445692883895132,0.3095673762572822,0.6763673890608874,0.8012120557703453,192,86,-1.75,1.86,2.04,1.53,2.5,W,W,0.8080029941324222
10.0,5.75,1.2,0.1072463768115943,11.07246376811594,6.366666666666668,1.328695652173913,-0.1399773708638326,0.479518258150317,0.3768209776626741,1.7353933422558134,34,148,2.0,1.8,2.05,1.5,2.5,L,L,0.8180261028687209
9.0,7.0,1.25,0.053968253968254,9.485714285714286,7.377777777777778,1.3174603174603174,-0.3308443879577409,-2.328564116155357,0.101389448248087,0.850814991107817,175,56,1.75,2.06,1.87,1.33,3.4,L,L,0.8214758286098307
9.0,5.25,1.3,0.0708180708180707,9.63736263736264,5.621794871794872,1.3920634920634922,-0.3230512713630679,-0.3349406263497365,-0.7709033405811424,-0.5562602782163,294,365,1.5,1.93,1.97,1.6,2.3,L,L,0.8096507855043589
1.14,8.0,17.0,0.0610165118679051,1.2095588235294117,8.488132094943241,18.037280701754387,0.2531585783445507,1.484846745715645,-0.3932584269662921,2.437424751509395,182,97,-2.25,1.86,2.04,1.33,3.4,W,W,0.9068620941801996
1.18,7.0,13.0,0.0672378468988639,1.2593406593406593,7.470664928292048,13.874092009685231,0.2688354349899333,-0.2590384680228645,-0.2267303102625298,-0.4946455455080455,60,310,-2.0,2.06,1.84,1.57,2.35,W,W,0.819796506466979
1.2,5.75,15.0,0.0739130434782608,1.288695652173913,6.175,16.108695652173914,0.5652173913043479,2.2137198949758448,0.755551845049257,0.8573528787514916,432,285,-1.75,1.8,2.0,1.53,2.4,W,W,0.8548539263577
1.14,8.0,19.0,0.0548245614035087,1.2025,8.43859649122807,20.041666666666668,0.50080677692618,1.550982630946694,-0.393939393939394,0.6609134324367263,0,347,2.5,1.65,2.2,1.65,2.2,W,W,0.8543607737449695
1.17,8.0,15.0,0.0463675213675214,1.2242499999999998,8.370940170940171,15.695512820512825,-0.2105263157894736,0.3242398659831336,-0.3889109540074668,-1.1871210516363009,37,269,-2.0,1.98,1.92,1.5,2.63,W,W,0.8677289140729542
1.12,9.5,15.0,0.0647869674185463,1.192561403508772,10.115476190476192,15.971804511278195,-0.7963897000265463,0.4302074122462995,0.7659873506676036,-1.3321853981200111,9,499,-2.5,2.04,1.86,1.18,4.5,W,W,0.8704176986062775
1.14,8.5,15.0,0.0615067079463365,1.2101176470588235,9.02280701754386,15.92260061919505,0.4151069518716577,-0.4427117931711182,-0.3239263803680982,-3.151670611944066,374,135,-2.25,1.95,1.98,1.33,3.4,W,W,0.9300786734642605
13.0,7.0,1.2,0.0531135531135531,13.69047619047619,7.371794871794873,1.2637362637362637,-0.2970960536113179,0.6896480018502333,0.1239048811013767,0.4655934679898741,192,290,2.0,1.84,2.06,1.36,3.2,L,L,0.8453789242537025
1.17,6.5,17.0,0.0673705379587732,1.2488235294117644,6.9379084967320255,18.145299145299145,0.0,0.0,0.0,0.0,106,424,-2.0,1.78,2.03,1.44,2.75,W,W,0.8480300090199598
1.17,8.0,15.0,0.0463675213675214,1.2242499999999998,8.370940170940171,15.695512820512825,0.1561181434599157,1.9538606650633104,-0.3901639344262295,2.081906718323617,106,148,-2.25,1.95,1.9,1.33,3.4,W,W,0.8840312158282693
1.22,6.25,13.0,0.056595208070618,1.289046153846154,6.603720050441362,13.735737704918034,0.0,0.0,0.0,0.0,379,334,-2.0,2.03,1.78,1.5,2.63,W,W,0.8360936354786664
1.2,7.0,13.0,0.0531135531135531,1.2637362637362637,7.371794871794873,13.69047619047619,0.3196060877350044,0.5089764027189131,0.5979186376537371,1.2650062912089337,277,40,-2.0,2.02,1.77,1.4,3.0,W,W,0.8589699222595515
1.16,7.0,15.0,0.071592775041051,1.243047619047619,7.501149425287357,16.073891625615765,-0.2883913600946839,0.1600317814199883,-0.1916167664670658,-1.0655746927457372,60,315,-2.0,1.97,1.93,1.4,2.87,D,W,0.8699678645129548
1.18,7.0,12.0,0.0736481033091203,1.2669047619047618,7.5155367231638435,12.883777239709444,-0.820304960432349,0.7345774116464551,0.4647887323943661,-1.523079550384333,106,252,-2.0,1.88,1.98,1.33,3.4,W,W,0.8283132702644187
1.13,9.5,17.0,0.0490424395188908,1.1854179566563463,9.965903175429464,17.833721471821146,-0.36957371920219,-3.49102426339962,-0.3514963078118926,-0.7955922790384812,9,474,-2.5,1.91,1.99,1.2,4.33,D,W,0.8825882190671475
1.14,8.0,17.0,0.0610165118679051,1.2095588235294117,8.488132094943241,18.037280701754387,-0.6880733944954128,-0.7882427220062028,-0.5429892624813857,-1.7124906029935594,56,436,-2.5,2.02,1.88,1.22,4.33,D,W,0.8468800551839883
10.0,6.5,1.25,0.0538461538461538,10.538461538461538,6.85,1.3173076923076923,0.853683261995945,0.853683261995945,0.208695652173913,0.208695652173913,170,9,2.0,1.82,2.08,1.29,3.6,D,L,0.8136399562120019
1.22,6.5,11.0,0.0644273759027858,1.298601398601399,6.918777943368108,11.708701134930644,0.2036916040509638,3.324188658154584,-0.1971830985915493,-1.237331022280376,332,330,-1.75,1.88,1.98,1.44,2.7,W,W,0.8014342755312842
12.0,7.0,1.2,0.0595238095238095,12.714285714285715,7.416666666666667,1.2714285714285714,-0.0943657103352921,1.1337929181770028,0.2862807295796986,0.3693477202983486,480,290,2.0,1.94,1.96,1.44,2.75,L,L,0.8940155388927641
10.0,8.0,1.2,0.0583333333333333,10.583333333333334,8.466666666666667,1.27,-0.242024202420242,-0.5645381573509842,0.25,0.4411021233569261,178,417,2.0,1.98,1.92,1.36,3.1,L,L,0.8360942225812705
15.0,9.5,1.12,0.0647869674185463,15.971804511278195,10.115476190476192,1.192561403508772,-0.1888193901485536,2.723015378146216,0.1100882240122748,-0.7357283515848406,97,9,2.5,1.99,1.91,1.18,4.5,L,L,0.8501828435049992
1.11,9.5,19.0,0.0587956377430061,1.175263157894737,10.05855855855856,20.11711711711712,0.2408759124087591,-0.0027340130300328,-0.4020813623462629,1.281634196341907,290,192,-2.5,1.94,1.96,1.28,3.75,W,W,0.9881982692257608
1.2,7.0,13.0,0.0531135531135531,1.2637362637362637,7.371794871794873,13.69047619047619,0.2435530085959883,0.2435530085959883,-0.4705882352941176,-0.4705882352941176,350,435,-2.0,1.94,1.99,1.4,3.0,W,W,0.8589699222595515
1.17,7.5,15.0,0.0547008547008547,1.234,7.910256410256411,15.82051282051282,-0.3359683794466403,1.3232423023160913,-0.2727272727272727,-1.5394089375410127,60,166,-2.25,2.05,1.85,1.36,3.1,W,W,0.8444494574766713
1.11,8.5,13.0,0.0954710366475071,1.215972850678733,9.31150381150381,14.241123476417592,-0.4945831370701836,-2.886163708310294,-0.1381578947368421,-2.3330473634415774,370,155,-2.25,1.934,1.966,1.36,3.0,W,W,0.9182916641084707
1.18,8.0,13.0,0.0493807040417211,1.238269230769231,8.395045632333769,13.641949152542374,0.1732522796352583,-0.8262490865520562,-0.1578947368421052,-1.0453166831095626,290,132,-2.0,1.91,2.02,1.44,2.7,D,W,0.8553451377458895
1.14,8.5,17.0,0.0536635706914345,1.2011764705882353,8.956140350877194,17.912280701754387,0.4592885375494071,0.1056113900167499,-0.4998809807188764,-0.1455065511832521,182,419,-2.25,1.99,1.91,1.44,2.7,W,W,0.905629419839126
1.14,7.5,19.0,0.063157894736842,1.2119999999999995,7.973684210526316,20.200000000000003,-0.6264014466546112,1.7692375260859363,0.6306677658697444,-0.5373890452331882,365,167,-2.25,2.01,1.89,1.48,2.6,W,W,0.8971104738617246
1.2,7.0,11.0,0.0670995670995671,1.2805194805194804,7.46969696969697,11.73809523809524,-0.5964499519258584,-0.5964499519258584,-0.5088777796931563,-0.5088777796931563,377,312,-2.0,2.0,1.85,1.4,3.0,W,W,0.8135437887792122
23.0,11.0,1.1,0.0434782608695651,24.0,11.478260869565217,1.1478260869565218,-0.1290095996253804,-2.197285368729906,0.2749244712990935,1.1753201548928909,474,182,2.75,1.95,1.95,1.22,4.2,D,L,0.8361962158946683
1.18,6.5,15.0,0.0679704476314646,1.260205128205128,6.94180790960452,16.01955671447197,-0.5261599210266535,-0.3426040666418682,-0.3370786516853932,-0.5103705771512318,9,227,-2.0,1.8,2.0,1.36,3.1,W,W,0.8388704275420258
1.13,8.0,19.0,0.0625873311597577,1.2007236842105262,8.500698649278062,20.1891592920354,-0.6013630896699185,1.4400290364938837,-0.1992361660245302,-0.8021587866895786,50,268,-2.5,2.0,1.8,1.33,3.4,L,W,0.9214606378418904
1.13,8.0,21.0,0.057574799831437,1.1950595238095238,8.460598398651497,22.209070796460185,0.5046235138705417,3.4347474523770054,0.8342028839747055,-1.7893321463449046,194,241,-2.25,1.88,1.98,1.36,3.1,W,W,0.9260123455269769
1.18,8.0,13.0,0.0493807040417211,1.238269230769231,8.395045632333769,13.641949152542374,0.2290966594188576,4.114273680384179,0.4423791821561338,2.0992757462589227,106,224,-2.0,1.83,2.02,1.33,3.4,W,W,0.857534157458695
1.18,7.5,12.0,0.0641242937853108,1.2556666666666667,7.980932203389832,12.76949152542373,-0.3608748481166464,2.4374794726714257,-0.1888280101563544,-3.269604173280886,451,241,-2.0,1.83,2.03,1.4,2.88,W,W,0.8407592640341107
1.08,11.0,26.0,0.0552965552965551,1.13972027972028,11.608262108262108,27.43771043771044,-0.5981356809943036,-0.5981356809943036,-0.1053930207966161,-0.1053930207966161,290,326,-2.5,1.97,1.96,1.33,3.4,W,W,0.941709296354386
1.22,6.0,13.0,0.0632618747372846,1.2971794871794873,6.379571248423708,13.8224043715847,0.0,0.0,0.0,0.0,0,348,-1.75,1.82,1.87,1.6,2.3,W,W,0.8076856713734901
1.06,12.0,26.0,0.0651910982099661,1.1291025641025645,12.782293178519597,27.69496855345912,0.2638036809815951,0.1780739401202684,-0.1453000531067445,0.3969748319338364,56,135,-3.0,1.93,2.0,1.17,5.0,W,W,0.89393345224083
10.0,5.0,1.29,0.0751937984496122,10.751937984496122,5.375968992248061,1.3869999999999998,-0.2828947368421052,-3.324106655607725,0.1550095860257048,2.002353441113633,342,365,1.5,1.94,1.96,1.73,2.08,L,L,0.8185025895481302
1.14,7.5,21.0,0.0581453634085213,1.2062857142857144,7.936090225563912,22.22105263157895,0.5057369814651369,2.709936978794896,-0.0793650793650793,1.7864373492545291,346,258,-2.25,2.0,1.85,1.5,2.5,W,W,0.896713204726732
1.14,8.5,15.0,0.0615067079463365,1.2101176470588235,9.02280701754386,15.92260061919505,0.274109920497753,-1.481259325702702,0.5825388861013547,-3.2026010077491245,0,44,-2.0,1.8,2.05,1.5,2.5,W,W,0.8935270768843917
8.0,7.0,1.25,0.0678571428571428,8.542857142857143,7.475,1.3348214285714284,-0.4592557701365991,1.375022409299861,-0.7635381181722072,0.9965214752287757,312,106,1.75,1.93,1.93,1.37,3.0,L,L,0.8132783026943144
1.14,8.0,19.0,0.0548245614035087,1.2025,8.43859649122807,20.041666666666668,0.3043124491456468,1.9919787233096016,0.6002344665885111,1.364934723692552,106,391,-2.25,2.0,1.85,1.4,3.0,W,W,0.8984380129096111
1.11,10.0,19.0,0.0535324798482692,1.169421052631579,10.535324798482693,20.01711711711712,-0.6068194952802928,-4.015782720247642,-0.4221789883268482,-2.874152278591471,56,228,-2.5,1.9,2.0,1.29,3.75,W,W,0.9158347731842895
11.0,7.0,1.16,0.0958351992834751,12.054187192118228,7.670846394984327,1.271168831168831,-0.0779054916985951,-0.1864622513655898,0.1796950395676509,0.1202981987782558,461,9,2.0,1.99,1.91,1.36,3.1,L,L,0.8645776598856649
1.13,9.0,19.0,0.0486984422708689,1.185029239766082,9.43828598043782,19.92527040314651,0.1573630419902283,1.503071716109356,-0.2105263157894736,0.6761893123721249,60,364,-2.5,2.02,1.88,1.33,3.4,W,W,0.8984380129096111
1.2,6.5,15.0,0.0538461538461538,1.2646153846153845,6.85,15.80769230769231,0.4709302325581395,-0.5694310245196229,-0.1463167380040549,-1.8537984255354143,243,466,-2.0,2.06,1.84,1.53,2.5,W,W,0.819796506466979
1.17,7.5,17.0,0.0468577174459527,1.2248235294117646,7.851432880844647,17.796581196581197,0.2219078415521423,0.9098732410374574,0.508161357589703,-0.6439305374022101,182,322,-2.25,1.95,1.95,1.33,3.4,D,W,0.9052092864066905
1.22,6.0,13.0,0.0632618747372846,1.2971794871794873,6.379571248423708,13.8224043715847,-0.4093097913322633,0.2146430623648424,-0.4174611138986453,-3.2594419765066664,365,67,-1.75,2.04,1.86,1.7,2.1,D,W,0.8287369244744356
1.1,12.0,19.0,0.0450558213716107,1.1495614035087718,12.540669856459331,19.85606060606061,0.2531585783445507,2.2296448650478498,0.8425231583590649,0.3268623120092312,106,391,-2.5,1.85,2.0,1.33,3.4,W,W,0.9095208476188994
1.14,9.0,15.0,0.0549707602339182,1.2026666666666668,9.494736842105263,15.824561403508774,-0.4308880308880308,1.258243837017099,-0.1982507288629737,-2.3619977959905083,9,18,-2.25,1.91,1.99,1.36,3.1,W,W,0.9160259905595016
12.0,6.5,1.22,0.0568516183270282,12.68221941992434,6.869535519125683,1.2893589743589744,-0.1569620253164557,-0.1569620253164557,0.2435530085959883,0.2435530085959883,391,106,1.75,2.02,1.83,1.5,2.62,L,L,0.8698682692978885
10.0,7.5,1.22,0.0530054644808744,10.530054644808745,7.897540983606558,1.2846666666666666,-0.2928767382461451,1.9572495870906863,0.3279022403258655,1.2775946705344166,68,56,2.0,1.98,1.95,1.28,3.75,W,L,0.8075309614036363
1.14,8.0,17.0,0.0610165118679051,1.2095588235294117,8.488132094943241,18.037280701754387,0.5588653827910066,-0.195283392055436,-0.2496770621885956,-0.1669359393527092,379,268,-2.25,1.93,1.85,1.36,3.2,W,W,0.8881294840300358
8.5,6.0,1.3,0.0535444947209651,8.955128205128204,6.321266968325791,1.3696078431372547,-0.306420233463035,0.3870980745459511,0.144876007021018,-3.870906713226624,483,56,1.75,1.85,2.05,1.33,3.4,L,L,0.8620790684389551
1.18,8.0,12.0,0.0557909604519775,1.2458333333333331,8.44632768361582,12.66949152542373,0.5392220874918384,0.9380743043323126,-0.3067869752844252,-3.0957203103238564,350,117,-2.0,1.87,2.06,1.33,3.4,D,W,0.8339928929939446
1.2,6.5,9.5,0.0924426450742239,1.3109311740890686,7.100877192982455,10.378205128205128,0.3180046765393609,0.9613614662223868,-0.4025974025974026,-2.1711871794531485,417,294,-2.0,2.02,1.77,1.5,2.5,W,W,0.8012399094458964
1.08,12.0,21.0,0.0568783068783067,1.1414285714285717,12.68253968253968,22.194444444444443,0.2446483180428134,0.2446483180428134,0.5643153526970954,0.5643153526970954,350,306,-2.75,1.94,1.96,1.22,4.33,W,W,0.9290641151737429
8.5,7.0,1.25,0.0605042016806722,9.014285714285714,7.423529411764706,1.3256302521008403,0.6644462947543713,-0.6571450314495488,-0.794066317626527,0.5479637355262722,315,60,1.75,1.95,1.95,1.4,2.88,L,L,0.8149931241507475
1.18,7.0,15.0,0.0569814366424537,1.2472380952380953,7.398870056497176,15.854721549636809,0.4275901545506583,3.5738861611301296,-0.0996515679442508,-1.026903961028334,300,393,-2.0,2.02,1.77,1.5,2.62,W,W,0.8684103868568007
1.14,8.0,15.0,0.068859649122807,1.2185,8.550877192982457,16.032894736842106,-0.6983240223463688,0.0515159462820168,0.5787923416789396,-0.2167495062223809,56,425,-2.25,2.04,1.86,1.44,2.75,W,W,0.8648117478986436
1.25,5.5,12.0,0.0651515151515151,1.3314393939393938,5.858333333333333,12.781818181818185,0.3323442136498515,-0.0447399499128566,0.4481912936848559,0.977166062977849,377,148,-1.75,1.93,1.93,1.5,2.5,D,W,0.8096283921451904
1.22,6.5,13.0,0.0504413619167718,1.2815384615384615,6.827868852459017,13.655737704918034,0.2844643204355436,4.662546808409201,0.5232974910394266,-5.179090949856383,273,287,-1.75,2.03,1.87,1.57,2.38,W,W,0.8142198576507962
1.14,8.0,19.0,0.0548245614035087,1.2025,8.43859649122807,20.041666666666668,0.5490716180371352,5.9778146869878,-0.2249303621169916,-5.968781741630248,87,402,-2.25,2.0,1.85,1.5,2.5,W,W,0.8710423878197726
1.22,7.5,9.5,0.058268622375611,1.2910877192982453,7.937014667817082,10.053551912568304,-0.5143906919779547,-0.1454419404574024,-0.3315833103067145,0.2167960206746516,350,84,-2.0,2.04,1.86,1.36,3.2,W,W,0.8043369128918911
1.25,6.0,9.5,0.0719298245614035,1.3399122807017545,6.431578947368421,10.183333333333334,0.3864541832669322,3.559784718793649,-0.5268630849220104,-1.7685678647661138,427,336,-1.5,1.83,2.02,1.4,2.87,L,W,0.8001510250838905
10.0,5.75,1.28,0.0551630434782608,10.551630434782608,6.067187499999999,1.350608695652174,-0.2922077922077922,-1.9985665142549085,-0.3997567403202919,-0.88858567569577,315,60,1.5,2.0,1.9,1.6,2.3,L,L,0.8323518100944931
9.0,6.0,1.29,0.0529715762273901,9.476744186046512,6.317829457364341,1.3583333333333334,0.6177606177606177,2.1656900798713865,0.3565415795995446,5.059139638994923,241,194,1.75,1.9,1.95,1.33,3.4,L,L,0.8108212956139967
1.06,13.0,29.0,0.0548020619588609,1.1180901856763927,13.712426805465192,30.589259796806967,0.56752655538695,0.3108562632815432,-0.3397282174260591,-0.0957240085104823,56,68,-3.0,1.86,2.07,1.16,5.0,W,W,0.8926916601970631
9.0,6.0,1.3,0.0470085470085468,9.423076923076922,6.282051282051281,1.361111111111111,-0.0737100737100737,0.927214174572666,0.3181818181818182,1.6058979061862413,424,377,1.5,1.88,1.98,1.67,2.15,L,L,0.8169177634476407
1.11,10.0,17.0,0.0597244303126656,1.176294117647059,10.597244303126654,18.01531531531532,0.2900942425614223,-0.1028715397608415,-0.4415584415584416,-0.1861083923180389,290,413,-2.5,1.87,2.03,1.25,4.0,W,W,0.9251048660960335
8.5,6.5,1.22,0.0911653438172241,9.274905422446404,7.092574734811957,1.3312217194570135,-0.1076525077192689,-1.5455083875577544,-0.3299191374663072,-0.5569750662807589,155,249,2.0,1.8,2.0,1.33,3.25,L,L,0.8303885268928
1.1,11.0,21.0,0.0476190476190476,1.1523809523809525,11.523809523809524,22.000000000000004,0.208695652173913,2.587337625907737,0.5682343870470317,0.7021009548278407,341,499,-2.75,1.99,1.91,1.22,4.2,W,W,0.913478336872803
1.13,8.5,19.0,0.0552343899832872,1.1924148606811145,8.969492314857941,20.049453409682457,0.3309859154929577,1.4118339536070272,-0.2167284003790162,-3.3744945831589783,60,178,-2.25,1.95,1.95,1.44,2.7,W,W,0.9122552512328745
1.22,6.0,13.0,0.0632618747372846,1.2971794871794873,6.379571248423708,13.8224043715847,0.2745982110391972,0.5741870013976649,-0.4603234298608499,-1.8655621076127715,341,225,-1.75,1.91,1.99,1.33,3.4,D,W,0.8409275128493372
1.1,9.5,23.0,0.057832327855211,1.1636155606407323,10.049407114624506,24.33014354066985,-0.7591240875912408,1.5235661393355475,-0.2964169381107491,-0.2198312138212648,290,82,-2.5,1.98,1.92,1.36,3.2,W,W,0.9265194093285741
1.05,11.0,15.0,0.1099567099567098,1.1654545454545453,12.209523809523809,16.649350649350648,-0.4123222748815165,0.5010566546752659,-0.0541335888310977,-1.3327713910358956,17,155,-2.5,1.998,1.89,1.29,3.5,W,W,0.8914158833680176
1.2,7.0,11.0,0.0670995670995671,1.2805194805194804,7.46969696969697,11.73809523809524,-0.6607929515418501,2.3089905732301768,-0.4283464566929134,-2.1034417571034667,194,10,-2.0,1.95,1.9,1.4,2.88,W,W,0.8245882801405291
1.09,10.0,23.0,0.0609094535301155,1.156391304347826,10.609094535301155,24.400917431192656,-0.7101928819304333,4.013745877381207,-0.3998896856039713,0.388096165331705,341,18,-2.75,1.95,1.95,1.25,4.0,W,W,0.9152100996300302
1.16,8.0,15.0,0.0537356321839082,1.2223333333333335,8.429885057471266,15.806034482758625,0.2595930981200103,0.2595930981200103,0.6134894991922456,0.6134894991922456,237,421,-2.25,2.01,1.89,1.3,3.5,W,W,0.8863925088468484
1.14,8.0,21.0,0.049812030075188,1.1967857142857143,8.398496240601505,22.046052631578952,-0.4748201438848921,-1.2587988433523547,-0.4228527011270889,-3.3624957389528127,332,271,-2.25,2.02,1.77,1.6,2.3,W,W,0.8813198205706222
7.5,5.5,1.33,0.0670312143996354,8.002734107997266,5.868671679197995,1.419151515151515,-0.2875429881543752,-2.477517185103041,0.3249644718143059,2.1087886935213693,413,277,1.5,1.93,1.97,1.44,2.75,L,L,0.8064294783026222
26.0,8.5,1.09,0.0735397899456182,27.91203453858608,9.125088214537756,1.170158371040724,-0.3788187372708758,0.652162101067187,0.4828859886727408,3.1578982002636744,166,365,2.5,1.87,2.03,1.5,2.5,L,L,0.8035570221120414
1.08,12.0,21.0,0.0568783068783067,1.1414285714285717,12.68253968253968,22.194444444444443,0.3035714285714285,0.9778605487352156,0.4743083003952568,1.589258427196412,290,485,-2.75,1.97,1.93,1.2,4.5,W,W,0.9037744949063514
1.12,9.0,19.0,0.0565998329156223,1.183391812865497,9.509398496240602,20.075396825396822,0.3819089504338524,2.0241653329314007,0.8545108760251992,-1.4491059437951863,106,147,-2.25,1.9,1.95,1.44,2.75,W,W,0.91798148858228
1.22,6.5,13.0,0.0504413619167718,1.2815384615384615,6.827868852459017,13.655737704918034,0.2254592890531577,0.0800173485957552,-0.5335365853658537,-1.1739967972259793,350,384,-2.0,2.05,1.75,1.53,2.5,W,W,0.8277851660910158
1.25,5.5,12.0,0.0651515151515151,1.3314393939393938,5.858333333333333,12.781818181818185,0.3484735666418466,0.3454966472227998,-0.5362776025236593,1.575404760851307,365,398,-1.5,1.96,1.94,1.8,2.0,W,W,0.8063686781228231
1.22,6.5,13.0,0.0504413619167718,1.2815384615384615,6.827868852459017,13.655737704918034,0.1498724808721309,1.5039686288827534,-0.4413450515857852,-4.869408578306363,350,435,-2.0,1.98,1.92,1.4,3.0,W,W,0.8372127208424459
1.2,7.5,12.0,0.05,1.26,7.875,12.6,0.4299797601509039,-0.2764644473451773,-0.3516483516483516,-1.1058967501730044,340,475,-2.0,2.03,1.83,1.57,2.35,W,W,0.8090238312875426
1.14,6.0,21.0,0.0914786967418548,1.2442857142857144,6.548872180451129,22.921052631578952,-0.5479013136815124,1.870675705803031,-0.3944020356234097,1.5126898252391376,60,364,-2.0,1.84,2.06,1.44,2.7,W,W,0.8935270768843917
11.0,6.25,1.22,0.0705812220566319,11.77639344262295,6.69113263785395,1.3061090909090909,-0.0718565941101152,-1.8419263902021727,-0.4365343242714649,7.801845935907464,101,303,1.75,1.95,1.85,1.6,2.3,L,L,0.8058957228988897
10.0,6.0,1.25,0.0666666666666666,10.666666666666666,6.4,1.3333333333333333,-0.296097934200459,-2.668663636938939,0.2380952380952381,-2.231102233209529,63,374,1.75,2.03,1.87,1.4,3.0,D,L,0.805190135584885
9.5,5.5,1.3,0.0563121089436877,10.034965034965031,5.809716599190283,1.3732057416267942,-0.1190689346463742,-0.1190689346463742,0.2242325870052991,0.2242325870052991,337,379,1.5,1.9,1.95,1.73,2.1,L,L,0.8119846703553941
1.25,5.75,11.0,0.0648221343873518,1.3310276679841897,6.122727272727273,11.71304347826087,0.5560747663551402,2.470854189783519,-0.1960851354816651,0.285265056505816,417,310,-1.5,1.83,2.07,1.61,2.25,W,W,0.8039157237261069
1.18,6.5,15.0,0.0679704476314646,1.260205128205128,6.94180790960452,16.01955671447197,0.7378713802181271,2.959573458611224,-0.4093097913322633,-1.800701306241077,417,67,-2.0,2.05,1.85,1.6,2.3,W,W,0.8267363589643677
1.06,17.0,21.0,0.0498388034459065,1.112829131652661,17.84725965858041,22.04661487236404,0.4570107375186143,0.74942554285973,0.7902039378055763,0.5605669678582139,56,226,-3.0,1.85,2.05,1.17,5.0,W,W,0.902750613401149
1.2,7.0,13.0,0.0531135531135531,1.2637362637362637,7.371794871794873,13.69047619047619,0.0,0.0,0.0,0.0,9,227,-2.0,1.87,2.03,1.33,3.4,W,W,0.831482472984613
9.5,5.25,1.33,0.0476190476190474,9.95238095238095,5.499999999999999,1.393333333333333,-0.2301502145922746,-0.3025466476370745,0.238701464035646,0.8010764001352804,265,237,1.5,1.93,2.0,1.67,2.2,L,L,0.8103587175310587
9.5,5.5,1.3,0.0563121089436877,10.034965034965031,5.809716599190283,1.3732057416267942,-0.0793650793650793,1.1547948975535158,0.2446483180428134,0.5740124650258939,312,106,1.5,2.03,1.83,1.57,2.38,L,L,0.802346701080145
1.08,11.0,26.0,0.0552965552965551,1.13972027972028,11.608262108262108,27.43771043771044,0.2653061224489795,1.8712040286352207,-0.4020100502512562,-3.859478787632974,377,278,-2.5,2.05,1.8,1.44,2.7,W,W,0.8845584427520222
1.18,7.5,13.0,0.0577140373750544,1.248102564102564,7.932855280312909,13.750282485875708,0.2717770034843205,0.8457894685102144,-0.40822528363047,-1.2918055296709663,106,252,-2.0,2.0,1.85,1.44,2.7,W,W,0.8421184396603552
1.13,7.5,26.0,0.0567506240072612,1.1941282051282052,7.92562968005446,27.475516224188794,-0.7389083432389886,-1.247567901643519,-0.1178918169209431,-0.2970670834820004,0,475,-2.25,1.93,1.93,1.53,2.4,W,W,0.8864357719758823
1.28,5.75,10.0,0.0551630434782608,1.350608695652174,6.067187499999999,10.551630434782608,0.3702422145328718,0.3902697606559012,0.6199596774193548,0.4290631579930931,340,347,-1.5,1.83,2.02,1.7,2.1,W,W,0.8013202132293118
13.0,8.0,1.17,0.0566239316239316,13.73611111111111,8.452991452991453,1.2362499999999998,-0.2365322868355333,-0.5520299971271698,0.4290608050242649,0.7188679230938316,405,290,2.0,1.94,1.96,1.57,2.38,L,L,0.8693589680651872
1.14,7.5,19.0,0.063157894736842,1.2119999999999995,7.973684210526316,20.200000000000003,-0.5652658981033842,-0.2383125053741952,-0.2903225806451613,-1.2029884391003764,267,338,-2.0,1.85,2.05,1.53,2.5,W,W,0.9212852877598626
1.14,8.0,19.0,0.0548245614035087,1.2025,8.43859649122807,20.041666666666668,-0.6340391980175715,0.5395639896530163,-0.3192488262910797,-2.146479058888258,350,422,-2.25,1.95,1.95,1.33,3.4,W,W,0.9667106658723442
1.16,7.0,19.0,0.0575576873217527,1.226766917293233,7.40290381125227,20.093596059113302,-0.1338028169014084,0.7733437597678163,-0.1581863979848866,-1.7573392043645764,182,489,-2.25,2.03,1.87,1.4,2.87,W,W,0.8667546823011205
1.11,9.5,19.0,0.0587956377430061,1.175263157894737,10.05855855855856,20.11711711711712,0.4253618492114926,1.6007132332947536,-0.3962264150943396,-1.6912825596213574,56,68,-2.5,2.0,1.9,1.29,3.75,L,W,0.9051511464259443
1.13,8.0,17.0,0.0687792816241541,1.2077205882352942,8.550234252993233,18.169247787610622,0.3245988218565915,0.3245988218565915,-0.3751891074130105,-0.3751891074130105,365,178,-2.25,1.98,1.92,1.48,2.6,W,W,0.926110189810258
1.2,7.0,11.0,0.0670995670995671,1.2805194805194804,7.46969696969697,11.73809523809524,-0.3711340206185567,1.6580573920609385,0.5235394214407261,-0.6028810807287198,379,260,-2.0,2.02,1.88,1.44,2.75,W,W,0.8056942984988009
1.06,11.0,29.0,0.0687880759448749,1.1329153605015674,11.756668835393624,30.99485420240137,0.3085880640465792,0.7526555947804443,-0.3630470016207455,-0.9829451135808696,60,342,-2.75,1.99,1.91,1.33,3.4,W,W,0.912028297008014
1.29,4.75,15.0,0.0523867809057527,1.3575789473684212,4.998837209302326,15.78580171358629,-0.5341113105924596,2.6821418084032764,-0.4636553459568469,-3.963333551306413,346,258,-1.5,2.0,1.85,2.15,1.67,W,W,0.8067146787193222
1.07,12.0,29.0,0.0523955312063595,1.1260632183908048,12.628746374476314,30.51947040498443,0.608849557522124,-0.1378097678110362,0.6380697050938338,0.6399321175623225,341,227,-3.0,2.02,1.88,1.22,4.2,W,W,0.8949573337460324
15.0,7.0,1.16,0.071592775041051,16.073891625615765,7.501149425287357,1.243047619047619,-0.0727257786177993,1.560320297029553,0.2587601078167116,2.9823617279037062,148,106,2.0,1.88,1.98,1.57,2.37,D,L,0.8147453653706382
21.0,10.0,1.1,0.0567099567099567,22.19090909090909,10.567099567099566,1.1623809523809523,-0.0995732574679943,-1.1407007661173976,-0.4898945744407303,3.659092119573931,474,341,2.5,2.02,1.88,1.3,3.5,L,L,0.8510897676021207
1.22,6.5,11.0,0.0644273759027858,1.298601398601399,6.918777943368108,11.708701134930644,0.1831733714519092,0.1831733714519092,-0.4359404280501035,-0.4359404280501035,340,347,-1.75,1.8,2.05,1.53,2.4,W,W,0.813888415112707
1.25,5.75,12.0,0.0572463768115942,1.321557971014493,6.079166666666667,12.686956521739132,-0.6180910495661476,2.397685912454333,0.8545108760251992,4.366050042797603,377,4,-1.5,1.73,2.08,1.53,2.5,W,W,0.8059298820693114
1.13,8.5,21.0,0.0502218586549665,1.186750700280112,8.926885798567216,22.05465903175429,0.1584852734922862,-3.585747268251448,-0.3265347334410339,-3.733943658215474,9,174,-2.5,2.02,1.88,1.3,3.5,W,W,0.8671905048007129
1.17,7.0,17.0,0.0563815269697622,1.2359663865546218,7.394670688788335,17.95848595848596,0.216867469879518,0.216867469879518,-0.325149303251493,-0.4429063125972874,60,446,-2.0,1.88,1.98,1.53,2.4,W,W,0.8716768472436194
1.18,7.0,12.0,0.0736481033091203,1.2669047619047618,7.5155367231638435,12.883777239709444,0.4676104826810932,5.570772890926895,0.515017601677777,0.9152062929674925,194,248,-2.25,2.03,1.78,1.29,3.6,W,W,0.8088502845663632
8.5,4.5,1.33,0.0917489802938718,9.27986633249791,4.912870411322423,1.4520261437908497,-0.1375921375921376,-1.866898582213048,0.4070177002987203,2.5319176356082145,448,328,1.5,1.85,1.95,1.53,2.4,L,L,0.8064644993306661
1.11,9.0,21.0,0.0596310596310596,1.1761904761904762,9.536679536679538,22.25225225225225,-0.2364720920323817,0.0602740753588158,-0.225908372827804,-1.5362901582495772,377,148,-2.25,1.85,2.0,1.44,2.75,W,W,0.9560359429807125
