Date,Team,Opponent,Home/Away,Result,Home Odds,Draw Odds,Away Odds,AHh,B365AHH,B365AHA,B365>2.5,B365<2.5,FTHG,FTAG,Bookmaker Margin,Fair Odds(H),Fair Odds(D),Fair Odds(A),Risk Score,Cumulative Score
2023-08-05,Alloa,Queen of Sth,A,W,1.85,3.8,3.25,-0.5,1.95,1.9,1.73,2.08,3,4,0.11139074296969032,2.0560728744939274,4.223284823284823,3.6120199146514937,0.0,0.0
2023-08-12,Alloa,Stirling,H,L,2.1,3.5,3.0,,,,1.7,2.1,0,1,0.09523809523809512,2.3,3.8333333333333335,3.2857142857142856,0.7231465984050409,0.7231465984050409
2023-08-19,Alloa,Kelty Hearts,A,L,2.3,3.5,2.7,0.0,1.8,2.05,1.9,1.95,2,1,0.09086726478030815,2.5089947089947082,3.818035426731079,2.945341614906832,-0.4347826086956522,0.2883639897093887
2023-08-26,Alloa,Falkirk,H,L,4.5,3.8,1.73,0.75,1.85,2.0,1.73,2.08,1,4,0.06341479903998914,4.785366595679951,4.040976236351959,1.839707602339181,-0.33951919021509913,-0.05115520050571043
2023-09-02,Alloa,Cove Rangers,H,W,2.55,3.5,2.45,0.0,1.98,1.88,1.73,2.08,1,0,0.08603441376550625,2.7693877551020405,3.801120448179272,2.6607843137254905,-0.20897040592517244,-0.2601256064308829
2023-09-16,Alloa,Hamilton,A,L,1.5,4.0,5.75,-1.0,1.9,1.95,1.67,2.15,2,1,0.0905797101449275,1.6358695652173914,4.36231884057971,6.270833333333334,0.638909358879882,0.3787837524489991
2023-09-23,Alloa,Annan Athletic,A,D,2.4,3.6,2.5,0.0,1.93,1.93,1.67,2.15,1,1,0.09444444444444455,2.626666666666667,3.9400000000000004,2.736111111111111,-0.15946843853820597,0.21931531391079312
2023-09-30,Alloa,Edinburgh City,H,D,1.6,4.0,5.0,-0.75,1.78,2.1,1.62,2.25,1,1,0.07499999999999996,1.72,4.3,5.374999999999999,-0.36548223350253806,-0.14616691959174494
2023-10-07,Alloa,Montrose,A,L,1.91,3.6,3.3,-0.5,1.98,1.88,1.67,2.15,2,1,0.10436829023216454,2.109343434343434,3.975725844835792,3.644415357766143,-0.5813953488372093,-0.7275622684289542
2023-10-21,Alloa,Kelty Hearts,H,W,2.15,3.3,3.0,-0.25,1.98,1.88,1.7,2.1,3,1,0.10147991543340384,2.3681818181818186,3.6348837209302327,3.3044397463002118,-0.2743924338560996,-1.001954702285054
2023-10-28,Alloa,Falkirk,A,L,1.29,6.0,9.0,-1.75,1.98,1.88,1.44,2.63,3,0,0.05297157622739013,1.3583333333333334,6.317829457364341,9.476744186046512,0.5777351247600768,-0.4242195775249771
2023-11-04,Alloa,Stirling,A,W,2.1,3.5,2.8,-0.25,1.9,1.95,1.75,2.05,0,2,0.11904761904761907,2.35,3.916666666666667,3.1333333333333333,-0.10552147239263804,-0.5297410499176152
2023-11-11,Alloa,Queen of Sth,H,W,2.55,3.2,2.45,0.0,2.0,1.85,1.7,2.1,1,0,0.11282012805122044,2.8376913265306114,3.561024409763905,2.7264093137254903,0.6808510638297872,0.15111001391217216
2023-11-18,Alloa,Edinburgh City,A,L,3.75,3.8,1.85,0.5,2.0,1.85,1.62,2.25,3,0,0.07036510194404921,4.013869132290185,4.067387387387387,1.9801754385964911,0.6476008540285425,0.7987108679407147
2023-12-09,Alloa,Hamilton,H,D,5.25,4.0,1.5,1.0,2.0,1.85,1.7,2.1,0,0,0.1071428571428572,5.812500000000001,4.428571428571429,1.660714285714286,-0.5050057588376008,0.29370510910311387
2023-12-16,Alloa,Cove Rangers,A,W,1.73,3.75,4.5,-0.75,1.95,1.9,1.8,2.0,1,2,0.06692357096981372,1.8457777777777775,4.000963391136802,4.801156069364162,-0.17204301075268816,0.12166209835042571
2023-12-23,Alloa,Montrose,H,D,2.2,3.3,2.9,-0.25,1.95,1.9,1.75,2.05,2,2,0.10240334378265414,2.425287356321839,3.6379310344827585,3.196969696969697,0.7917168312063568,0.9133789295567826
2024-01-06,Alloa,Edinburgh City,H,W,1.05,11.0,15.0,-2.5,,,1.29,3.5,3,1,0.10995670995670981,1.1654545454545453,12.209523809523807,16.649350649350648,-0.41232227488151657,0.5010566546752659
2024-01-13,Alloa,Queen of Sth,A,D,2.1,3.4,2.88,-0.25,1.9,1.95,1.75,2.05,1,1,0.11753034547152197,2.346813725490196,3.7996031746031744,3.2184873949579833,0.14196567862714493,0.643022333302411
2024-01-27,Alloa,Falkirk,H,L,6.5,4.2,1.4,1.25,1.95,1.9,1.62,2.25,0,5,0.1062271062271063,7.190476190476191,4.646153846153847,1.5487179487179488,-0.31070496083550914,0.3323173724669018
2024-02-03,Alloa,Annan Athletic,A,W,2.7,3.75,2.2,0.25,1.83,2.03,1.65,2.2,2,3,0.09158249158249165,2.9472727272727273,4.093434343434343,2.4014814814814818,-0.1390728476821192,0.1932445247847826
2024-02-10,Alloa,Stirling,H,W,2.1,3.3,3.1,-0.25,1.93,1.93,1.83,2.03,1,0,0.10180142438206952,2.313782991202346,3.6359447004608296,3.4155844155844157,0.5835903763109193,0.7768349010957019
2024-02-13,Alloa,Annan Athletic,H,W,1.85,3.5,3.6,-0.5,1.93,1.93,1.6,2.3,2,1,0.10403260403260406,2.0424603174603178,3.864114114114114,3.9745173745173745,0.5678073510773131,1.3446422521730148
2024-02-17,Alloa,Cove Rangers,H,W,2.3,3.75,2.6,0.0,1.83,2.03,1.62,2.25,4,1,0.08606465997770352,2.497948717948718,4.072742474916388,2.8237681159420296,0.5103944045074802,1.855036656680495
2024-02-24,Alloa,Hamilton,A,W,1.36,4.75,6.5,-1.25,1.83,2.03,1.65,2.2,1,2,0.09966658728268629,1.4955465587044534,5.223416289592761,7.147832817337461,0.5996715253541367,2.454708182034632
2024-03-02,Alloa,Montrose,A,L,2.1,3.4,3.0,-0.25,1.95,1.9,1.85,2.0,4,3,0.10364145658263291,2.317647058823529,3.752380952380952,3.310924369747899,0.8600974553329723,3.3148056373676043
2024-03-09,Alloa,Kelty Hearts,H,W,1.91,3.5,3.5,-0.5,1.9,1.95,1.53,2.38,3,0,0.09498878085265527,2.0914285714285716,3.832460732984294,3.832460732984294,-0.3020304568527919,3.0127751805148124
2024-03-16,Alloa,Edinburgh City,A,W,10.0,7.5,1.17,1.75,,,1.4,2.75,2,5,0.08803418803418817,10.880341880341883,8.16025641025641,1.273,0.5218579234972678,3.53463310401208
2024-03-19,Alloa,Kelty Hearts,A,L,3.5,3.6,1.91,0.5,1.93,1.93,1.67,2.15,2,1,0.08705227291614737,3.8046829552065162,3.9133881824981303,2.0762698412698417,0.21445404556166525,3.7490871495737452
2024-03-23,Alloa,Queen of Sth,H,L,1.8,3.5,3.8,-0.5,1.83,2.03,1.7,2.1,0,2,0.10442773600668342,1.98796992481203,3.865497076023392,4.196825396825397,-0.48163296510072234,3.267454184473023
2024-03-30,Alloa,Annan Athletic,H,D,1.62,3.8,4.5,-0.75,1.88,1.98,1.44,2.63,1,1,0.10266406757634838,1.7863157894736845,4.190123456790124,4.961988304093568,-0.5030257186081695,2.7644284658648535
2024-04-06,Alloa,Stirling,A,W,2.45,3.6,2.5,0.0,1.9,1.95,1.7,2.1,1,5,0.08594104308390005,2.6605555555555553,3.9093877551020397,2.7148526077097497,-0.5598114319387153,2.204617033926138
2024-04-13,Alloa,Montrose,H,D,1.91,3.8,3.3,-0.5,1.98,1.88,1.67,2.15,0,0,0.0897484071912289,2.0814194577352474,4.14104394732667,3.596169743731055,0.6316558780538734,2.8362729119800116
2024-04-20,Alloa,Cove Rangers,A,W,2.6,3.6,2.2,0.0,2.05,1.75,1.44,2.63,2,3,0.11693861693861685,2.904040404040404,4.020979020979021,2.4572649572649574,-0.48044136239990803,2.3558315495801034
2024-04-27,Alloa,Hamilton,H,L,3.3,3.75,1.8,0.5,2.0,1.85,1.57,2.35,0,1,0.12525252525252517,3.7133333333333334,4.21969696969697,2.0254545454545454,0.5930434782608696,2.948875027840973
2024-05-04,Alloa,Falkirk,A,D,1.22,6.5,8.5,-2.0,2.0,1.85,1.33,3.25,2,2,0.09116534381722419,1.3312217194570135,7.092574734811957,9.274905422446405,-0.26929982046678635,2.6795752073741865
2023-08-05,Annan Athletic,Falkirk,A,L,1.44,3.8,7.0,,,,1.57,2.35,3,0,0.10045948203842925,1.5846616541353382,4.181746031746032,7.7032163742690045,0.0,0.0
2023-08-12,Annan Athletic,Montrose,H,L,2.7,3.5,2.3,,,,1.9,1.9,1,3,0.09086726478030815,2.945341614906832,3.818035426731079,2.5089947089947082,-0.12981590434617576,-0.12981590434617576
2023-08-19,Annan Athletic,Queen of Sth,A,L,1.6,4.0,4.75,-1.0,2.0,1.85,1.62,2.25,3,1,0.08552631578947367,1.7368421052631577,4.342105263157895,5.15625,-0.33951919021509913,-0.46933509456127487
2023-08-26,Annan Athletic,Edinburgh City,H,W,2.15,3.5,3.1,-0.25,1.9,1.95,1.73,2.08,3,2,0.07341120994534345,2.3078341013824883,3.756939234808702,3.327574750830565,-0.19393939393939394,-0.6632744885006688
2023-09-02,Annan Athletic,Kelty Hearts,A,D,1.67,4.0,4.0,-0.75,1.93,1.93,1.73,2.08,1,1,0.0988023952095809,1.8349999999999997,4.395209580838324,4.395209580838324,0.5666932907348243,-0.0965811977658445
2023-09-16,Annan Athletic,Stirling,H,W,2.7,3.3,2.4,0.0,2.03,1.83,1.7,2.1,3,0,0.09006734006734018,2.943181818181819,3.5972222222222223,2.6161616161616164,-0.22752043596730245,-0.32410163373314693
2023-09-23,Annan Athletic,Alloa,H,D,2.4,3.6,2.5,0.0,1.93,1.93,1.67,2.15,1,1,0.09444444444444455,2.626666666666667,3.9400000000000004,2.736111111111111,0.6602316602316602,0.3361300264985133
2023-09-29,Annan Athletic,Hamilton,A,L,1.33,5.0,6.5,-1.5,1.98,1.88,1.48,2.6,5,0,0.10572585309427396,1.4706153846153844,5.528629265471369,7.18721804511278,-0.38071065989847713,-0.04458063339996382
2023-10-07,Annan Athletic,Cove Rangers,A,L,1.57,4.0,4.5,-1.0,2.0,1.8,1.57,2.35,3,2,0.10916489738145785,1.741388888888889,4.436659589525831,4.99124203821656,-0.13913589287582387,-0.1837165262757877
2023-10-21,Annan Athletic,Queen of Sth,H,L,2.8,3.6,2.25,0.25,1.8,2.0,1.6,2.3,0,1,0.0793650793650793,3.0222222222222217,3.8857142857142852,2.428571428571429,-0.20035093316318392,-0.3840674594389716
2023-10-28,Annan Athletic,Edinburgh City,A,L,3.1,3.6,2.15,0.25,1.95,1.9,1.6,2.3,3,2,0.06547470200883554,3.3029715762273906,3.8357089272318077,2.2907706093189963,-0.3308823529411765,-0.7149498123801481
2023-11-04,Annan Athletic,Kelty Hearts,H,D,2.4,3.4,2.45,0.0,1.9,1.95,1.62,2.25,2,2,0.11894757903161257,2.68547418967587,3.804421768707483,2.741421568627451,-0.4365343242714649,-1.151484136651613
2023-11-11,Annan Athletic,Montrose,A,D,1.83,3.6,3.4,-0.5,1.93,1.93,1.5,2.5,1,1,0.1183435122682952,2.0465686274509807,4.026036644165862,3.8023679417122036,-0.37237371479660264,-1.5238578514482155
2023-11-28,Annan Athletic,Hamilton,H,L,5.0,4.33,1.57,1.0,1.95,1.9,1.53,2.38,1,2,0.06788955737632563,5.339447786881627,4.62396178343949,1.6765866050808313,-0.26299401197604794,-1.7868518634242636
2023-12-09,Annan Athletic,Cove Rangers,H,L,4.0,4.0,1.8,0.75,1.83,2.03,1.62,2.25,1,3,0.05555555555555558,4.222222222222222,4.222222222222222,1.9000000000000001,-0.18728528490471957,-1.9741371483289831
2023-12-16,Annan Athletic,Stirling,A,D,1.85,3.6,4.0,-0.5,1.93,1.93,1.75,2.05,1,1,0.06831831831831825,1.9763888888888892,3.845945945945945,4.273273273273273,-0.23684210526315788,-2.210979253592141
2023-12-23,Annan Athletic,Falkirk,H,L,7.5,4.75,1.33,1.5,1.88,1.98,1.57,2.35,0,3,0.09573934837092724,8.218045112781954,5.204761904761904,1.4573333333333334,-0.23401264933239635,-2.4449919029245373
2023-12-30,Annan Athletic,Queen of Sth,A,L,1.6,3.75,4.5,-0.75,1.83,2.03,1.65,2.2,2,1,0.11388888888888893,1.7822222222222222,4.177083333333333,5.0125,-0.12168344007319305,-2.5666753429977303
2024-01-06,Annan Athletic,Montrose,H,D,2.38,3.4,2.63,0.0,1.8,2.05,1.65,2.2,2,2,0.09451385116784361,2.604942965779468,3.721347093970668,2.8785714285714286,-0.199501246882793,-2.7661765898805233
2024-01-13,Annan Athletic,Kelty Hearts,A,D,1.8,3.8,3.6,-0.5,1.85,2.0,1.62,2.25,1,1,0.09649122807017552,1.9736842105263162,4.166666666666667,3.9473684210526323,-0.38388556415121877,-3.150062154031742
2024-01-27,Annan Athletic,Edinburgh City,H,W,1.29,5.0,8.5,-1.5,1.75,2.05,1.36,3.0,3,0,0.09284085727314184,1.409764705882353,5.4642042863657085,9.289147286821706,-0.2533333333333333,-3.4033954873650756
2024-02-03,Annan Athletic,Alloa,H,L,2.7,3.75,2.2,0.25,1.83,2.03,1.65,2.2,2,3,0.09158249158249165,2.9472727272727273,4.093434343434343,2.4014814814814818,0.29066177084202627,-3.1127337165230493
2024-02-10,Annan Athletic,Hamilton,A,W,1.22,5.5,9.5,-1.75,1.9,1.95,1.5,2.5,2,3,0.10675347086045983,1.350239234449761,6.087144089732528,10.514157973174369,-0.3392967304133251,-3.4520304469363743
2024-02-13,Annan Athletic,Alloa,A,L,1.85,3.5,3.6,-0.5,1.93,1.93,1.6,2.3,2,1,0.10403260403260406,2.0424603174603178,3.864114114114114,3.9745173745173745,0.9048901488306166,-2.5471402981057576
2024-02-17,Annan Athletic,Stirling,H,W,2.63,3.5,2.3,0.0,2.1,1.78,1.7,2.1,2,1,0.10072503129206734,2.894906832298137,3.8525376095222357,2.5316675719717545,-0.25160287546143384,-2.7987431735671917
2024-02-24,Annan Athletic,Cove Rangers,A,L,1.57,4.0,4.5,-1.0,2.05,1.8,1.62,2.25,2,1,0.10916489738145785,1.741388888888889,4.436659589525831,4.99124203821656,0.654565739787161,-2.1441774337800306
2024-03-02,Annan Athletic,Falkirk,A,D,1.14,8.0,11.0,-2.25,1.95,1.9,1.33,3.25,1,1,0.09310207336523124,1.2461363636363634,8.74481658692185,12.024122807017543,-0.20035093316318392,-2.3445283669432144
2024-03-09,Annan Athletic,Queen of Sth,H,W,2.88,3.5,2.15,0.25,1.85,2.0,1.53,2.38,2,1,0.09805278700627529,3.1623920265780727,3.8431847545219635,2.360813492063492,-0.08316614991792814,-2.4276945168611426
2024-03-16,Annan Athletic,Montrose,A,D,1.75,3.5,4.0,-0.75,2.03,1.83,1.67,2.15,1,1,0.1071428571428572,1.9375,3.875,4.428571428571429,0.6837836702105307,-1.743910846650612
2024-03-23,Annan Athletic,Kelty Hearts,H,W,2.05,3.5,2.9,-0.25,1.88,1.98,1.6,2.3,3,2,0.11834674996996286,2.2926108374384238,3.9142136248948702,3.243205574912892,-0.22580645161290322,-1.9697172982635152
2024-03-30,Annan Athletic,Alloa,A,D,1.62,3.8,4.5,-0.75,1.88,1.98,1.44,2.63,1,1,0.10266406757634838,1.7863157894736845,4.190123456790124,4.961988304093568,0.5638160721959604,-1.4059012260675547
2024-04-06,Annan Athletic,Hamilton,H,L,4.2,4.75,1.55,1.0,1.9,1.95,1.53,2.38,1,3,0.09378284420729233,4.593887945670628,5.1954685099846385,1.6953634085213032,-0.2015321154979375,-1.6074333415654922
2024-04-13,Annan Athletic,Cove Rangers,H,W,2.88,3.75,2.1,0.25,1.9,1.95,1.57,2.35,4,2,0.0900793650793652,3.139428571428572,4.0877976190476195,2.289166666666667,-0.2176805381033336,-1.8251138796688258
2024-04-20,Annan Athletic,Edinburgh City,A,W,6.0,6.0,1.29,1.25,,,1.36,3.0,1,2,0.10852713178294571,6.651162790697675,6.651162790697675,1.4300000000000002,0.681470695303968,-1.143643184364858
2024-04-27,Annan Athletic,Falkirk,H,D,4.75,4.75,1.45,1.25,1.85,2.0,1.44,2.63,3,3,0.1107078039927405,5.275862068965518,5.275862068965518,1.6105263157894736,0.30069930069930073,-0.8429438836655572
2024-05-04,Annan Athletic,Stirling,A,D,2.0,3.5,3.2,-0.25,1.78,2.03,1.65,2.2,1,1,0.09821428571428559,2.196428571428571,3.8437499999999996,3.514285714285714,-0.1895424836601307,-1.0324863673256879
2023-08-05,Cove Rangers,Hamilton,A,L,1.95,3.75,3.0,,,,1.7,2.1,1,0,0.11282051282051286,2.17,4.173076923076923,3.3384615384615386,0.0,0.0
2023-08-12,Cove Rangers,Falkirk,H,D,3.25,3.5,1.95,,,,1.85,1.95,2,2,0.1062271062271063,3.5952380952380953,3.871794871794872,2.157142857142857,-0.2995391705069124,-0.2995391705069124
2023-08-19,Cove Rangers,Montrose,A,W,2.4,3.5,2.6,0.0,1.85,2.0,1.73,2.08,0,3,0.08699633699633691,2.6087912087912084,3.804487179487179,2.826190476190476,-0.2781456953642384,-0.5776848658711509
2023-08-26,Cove Rangers,Queen of Sth,H,L,2.1,3.5,3.3,-0.25,1.85,2.0,1.7,2.1,1,2,0.06493506493506485,2.2363636363636363,3.727272727272727,3.514285714285714,0.6461668070766639,0.0684819412055131
2023-09-02,Cove Rangers,Alloa,A,L,2.55,3.5,2.45,0.0,1.98,1.88,1.73,2.08,1,0,0.08603441376550625,2.7693877551020405,3.801120448179272,2.6607843137254905,-0.44715447154471544,-0.37867253033920234
2023-09-16,Cove Rangers,Kelty Hearts,H,D,1.91,3.6,3.4,-0.5,1.98,1.88,1.73,2.08,2,2,0.09545563426068515,2.0923202614379086,3.9436402833384667,3.7245491564863293,-0.3758290346352247,-0.7545015649744271
2023-09-23,Cove Rangers,Edinburgh City,A,D,3.8,3.8,1.67,0.75,1.95,1.9,1.57,2.35,2,2,0.1251181846832652,4.275449101796408,4.275449101796408,1.8789473684210527,-0.47793830534947285,-1.2324398703239
2023-09-30,Cove Rangers,Stirling,A,D,2.38,3.3,2.7,0.0,1.83,2.03,1.85,2.0,2,2,0.09356874062756404,2.602693602693602,3.608776844070961,2.9526355996944234,-0.5322128851540616,-1.7646527554779614
2023-10-07,Cove Rangers,Annan Athletic,H,W,1.57,4.0,4.5,-1.0,2.0,1.8,1.57,2.35,3,2,0.10916489738145785,1.741388888888889,4.436659589525831,4.99124203821656,-0.3386804657179819,-2.1033332211959435
2023-10-28,Cove Rangers,Queen of Sth,A,W,2.5,3.5,2.63,0.0,1.9,1.95,1.67,2.15,0,1,0.06594242259641492,2.664856056491037,3.730798479087453,2.803428571428571,0.4257457329717659,-1.6775874882241775
2023-11-04,Cove Rangers,Hamilton,H,W,3.0,3.6,2.05,0.25,2.03,1.83,1.65,2.2,1,0,0.09891598915989164,3.2967479674796754,3.9560975609756097,2.2527777777777778,0.6432939258051364,-1.034293562419041
2023-11-11,Cove Rangers,Kelty Hearts,A,W,2.4,3.6,2.3,0.0,1.98,1.88,1.62,2.25,0,1,0.12922705314009653,2.7101449275362315,4.065217391304347,2.5972222222222214,0.6966707768187423,-0.3376227856002987
2023-11-14,Cove Rangers,Montrose,H,W,1.7,3.75,4.2,-0.75,1.98,1.88,1.67,2.15,1,0,0.09299719887955193,1.8580952380952382,4.09873949579832,4.590588235294118,0.6149732620320855,0.2773504764317868
2023-11-18,Cove Rangers,Stirling,H,W,1.67,4.33,4.33,-1.0,2.1,1.7,1.7,2.1,3,1,0.06069615964376096,1.7713625866050806,4.592814371257485,4.592814371257485,0.46181445412608924,0.739164930557876
2023-12-09,Cove Rangers,Annan Athletic,A,W,4.0,4.0,1.8,0.75,1.83,2.03,1.62,2.25,1,3,0.05555555555555558,4.222222222222222,4.222222222222222,1.9000000000000001,0.4354628422425032,1.1746277728003793
2023-12-16,Cove Rangers,Alloa,H,L,1.73,3.75,4.5,-0.75,1.95,1.9,1.8,2.0,1,2,0.06692357096981372,1.8457777777777775,4.000963391136802,4.801156069364162,0.4736842105263158,1.648311983326695
2023-12-30,Cove Rangers,Montrose,A,D,3.1,3.6,1.95,0.5,1.83,2.03,1.67,2.15,1,1,0.11317893575958093,3.450854700854701,4.007444168734492,2.1706989247311825,-0.5417770286539851,1.10653495467271
2024-01-06,Cove Rangers,Kelty Hearts,H,D,1.5,4.0,5.25,-1.0,1.9,1.95,1.65,2.2,2,2,0.1071428571428572,1.660714285714286,4.428571428571429,5.812500000000001,-0.4606811145510836,0.6458538401216263
2024-01-09,Cove Rangers,Falkirk,A,L,1.33,4.75,7.0,-1.25,1.75,2.05,1.65,2.2,4,0,0.10526315789473673,1.4699999999999998,5.249999999999999,7.7368421052631575,-0.6021505376344085,0.043703302487217766
2024-01-13,Cove Rangers,Hamilton,A,L,1.55,4.33,4.5,-1.0,2.03,1.83,1.67,2.15,2,0,0.09833039476189276,1.7024121118809337,4.755770609318996,4.942486776428518,-0.1292517006802721,-0.08554839819305435
2024-01-27,Cove Rangers,Queen of Sth,H,L,1.65,3.8,4.0,-0.75,1.93,1.93,1.67,2.15,0,2,0.11921850079744822,1.8467105263157897,4.253030303030304,4.476874003189793,-0.2023272990368238,-0.28787569722987816
2024-02-03,Cove Rangers,Stirling,A,D,3.2,3.8,1.95,0.5,1.88,1.98,1.73,2.08,2,2,0.08847840755735481,3.4831309041835357,4.136217948717949,2.1225328947368416,-0.5415033843961524,-0.8293790816260306
2024-02-17,Cove Rangers,Alloa,A,L,2.3,3.75,2.6,0.0,1.83,2.03,1.62,2.25,4,1,0.08606465997770352,2.497948717948718,4.072742474916388,2.8237681159420296,-0.47113521890740034,-1.300514300533431
2024-02-24,Cove Rangers,Annan Athletic,H,W,1.57,4.0,4.5,-1.0,2.05,1.8,1.62,2.25,2,1,0.10916489738145785,1.741388888888889,4.436659589525831,4.99124203821656,-0.3541367275713405,-1.6546510281047715
2024-03-02,Cove Rangers,Edinburgh City,A,W,7.5,5.25,1.29,1.5,2.03,1.83,1.4,2.75,0,2,0.099003322259136,8.24252491694352,5.7697674418604645,1.4177142857142855,0.4257457329717659,-1.2289052951330055
2024-03-05,Cove Rangers,Falkirk,H,L,5.75,4.5,1.45,1.25,1.85,2.0,1.57,2.35,0,1,0.08579043811427622,6.243295019157088,4.886056971514243,1.5743961352657003,0.294639258363563,-0.9342660367694426
2024-03-09,Cove Rangers,Montrose,H,L,1.91,4.0,3.25,-0.5,1.95,1.9,1.6,2.3,1,4,0.08125251711639159,2.0651923076923078,4.325010068465566,3.5140706806282727,-0.16017183185026082,-1.0944378686197034
2024-03-16,Cove Rangers,Kelty Hearts,A,W,2.8,3.6,2.2,0.25,1.9,1.95,1.62,2.25,0,1,0.08946608946608947,3.0505050505050506,3.922077922077922,2.396825396825397,-0.4842164074867306,-1.578654276106434
2024-03-23,Cove Rangers,Hamilton,H,L,3.75,3.4,1.8,0.5,2.03,1.8,1.75,2.05,1,3,0.11633986928104578,4.186274509803922,3.795555555555555,2.0094117647058822,0.5827814569536425,-0.9958728191527916
2024-03-30,Cove Rangers,Stirling,H,W,2.0,3.5,3.2,-0.5,2.03,1.78,1.67,2.15,4,2,0.09821428571428559,2.196428571428571,3.8437499999999996,3.514285714285714,-0.2388758782201405,-1.234748697372932
2024-04-06,Cove Rangers,Falkirk,A,L,1.25,7.0,8.5,-1.75,1.9,1.95,1.44,2.63,5,1,0.060504201680672276,1.3256302521008403,7.423529411764706,9.014285714285714,0.5447154471544715,-0.6900332502184605
2024-04-13,Cove Rangers,Annan Athletic,A,L,2.88,3.75,2.1,0.25,1.9,1.95,1.57,2.35,4,2,0.0900793650793652,3.139428571428572,4.0877976190476195,2.289166666666667,-0.1109350237717908,-0.8009682739902513
2024-04-20,Cove Rangers,Alloa,H,L,2.6,3.6,2.2,0.0,2.05,1.75,1.44,2.63,2,3,0.11693861693861685,2.904040404040404,4.020979020979021,2.4572649572649574,-0.4368401892974153,-1.2378084632876667
2024-04-27,Cove Rangers,Queen of Sth,A,L,1.57,4.33,4.0,-0.75,1.78,2.03,1.57,2.35,2,0,0.11788955737632567,1.7550866050808314,4.8404617834394905,4.471558229505303,-0.3443478260869565,-1.5821562893746233
2024-05-04,Cove Rangers,Edinburgh City,H,W,1.25,5.0,9.0,-1.75,1.88,1.98,1.33,3.25,3,1,0.11111111111111116,1.3888888888888888,5.555555555555555,10.0,-0.2236356877568006,-1.8057919771314237
2023-08-05,Edinburgh City,Stirling,A,L,1.75,3.8,3.75,,,,1.7,2.1,1,0,0.10125313283208004,1.9271929824561402,4.1847619047619045,4.129699248120301,0.0,0.0
2023-08-12,Edinburgh City,Queen of Sth,H,L,3.0,3.5,2.1,,,,1.7,2.1,1,2,0.09523809523809534,3.285714285714286,3.8333333333333344,2.3000000000000003,-0.24214838416021847,-0.24214838416021847
2023-08-19,Edinburgh City,Hamilton,H,L,3.75,3.6,1.85,0.5,1.95,1.9,1.73,2.08,0,3,0.08498498498498508,4.068693693693694,3.905945945945946,2.0072222222222225,-0.3043478260869565,-0.546496210247175
2023-08-26,Edinburgh City,Annan Athletic,A,L,2.15,3.5,3.1,-0.25,1.9,1.95,1.73,2.08,3,2,0.07341120994534345,2.3078341013824883,3.756939234808702,3.327574750830565,-0.24577913091613615,-0.7922753411633111
2023-09-02,Edinburgh City,Falkirk,H,L,5.75,4.2,1.44,1.25,1.93,1.93,1.53,2.4,0,2,0.10645272601794331,6.362103174603174,4.647101449275362,1.5932919254658384,-0.30051916932907347,-1.0927945104923844
2023-09-16,Edinburgh City,Montrose,A,L,1.67,3.5,4.5,-0.75,1.93,1.93,1.7,2.1,5,2,0.1067389031460888,1.8482539682539683,3.8735861610113114,4.9803250641574,-0.15718072664899424,-1.2499752371413788
2023-09-23,Edinburgh City,Cove Rangers,H,D,3.8,3.8,1.67,0.75,1.95,1.9,1.57,2.35,2,2,0.1251181846832652,4.275449101796408,4.275449101796408,1.8789473684210527,-0.2007901064926142,-1.450765343633993
2023-09-30,Edinburgh City,Alloa,A,D,1.6,4.0,5.0,-0.75,1.78,2.1,1.62,2.25,1,1,0.07499999999999996,1.72,4.3,5.374999999999999,-0.23389355742296916,-1.6846589010569621
2023-10-07,Edinburgh City,Kelty Hearts,H,L,3.25,3.6,1.95,0.25,2.03,1.78,1.62,2.25,1,4,0.09829059829059839,3.569444444444444,3.953846153846154,2.1416666666666666,-0.186046511627907,-1.870705412684869
2023-10-21,Edinburgh City,Hamilton,A,D,1.2,5.75,11.0,-2.0,1.95,1.9,1.4,2.75,1,1,0.09815546772068506,1.317786561264822,6.3143939393939394,12.079710144927537,-0.2801556420233463,-2.1508610547082156
2023-10-28,Edinburgh City,Annan Athletic,H,W,3.1,3.6,2.15,0.25,1.95,1.9,1.6,2.3,3,2,0.06547470200883554,3.3029715762273906,3.8357089272318077,2.2907706093189963,-0.08278344331133773,-2.233644498019553
2023-11-04,Edinburgh City,Montrose,H,L,3.2,3.8,1.85,0.5,1.85,2.0,1.57,2.35,1,5,0.11619843527738238,3.571834992887624,4.2415540540540535,2.064967105263158,0.6972423234891454,-1.5364021745304077
2023-11-11,Edinburgh City,Falkirk,A,L,1.14,8.0,12.0,-2.25,1.93,1.93,1.33,3.25,2,1,0.08552631578947367,1.2374999999999998,8.68421052631579,13.026315789473685,-0.279968140183194,-1.8163703147136017
2023-11-18,Edinburgh City,Alloa,H,W,3.75,3.8,1.85,0.5,2.0,1.85,1.62,2.25,3,0,0.07036510194404921,4.013869132290185,4.067387387387387,1.9801754385964911,-0.07676767676767676,-1.8931379914812785
2023-12-09,Edinburgh City,Stirling,H,L,7.0,4.2,1.5,1.0,2.0,1.85,1.65,2.2,1,3,0.04761904761904745,7.333333333333332,4.3999999999999995,1.5714285714285712,0.750863825640117,-1.1422741658411615
2023-12-16,Edinburgh City,Queen of Sth,A,L,1.13,7.0,17.0,-2.0,1.73,2.15,1.44,2.63,3,1,0.08663642448129694,1.2278991596638655,7.606454971369078,18.47281921618205,-0.13636363636363638,-1.278637802204798
2024-01-06,Edinburgh City,Alloa,A,L,1.05,11.0,15.0,-2.5,,,1.29,3.5,3,1,0.10995670995670981,1.1654545454545453,12.209523809523807,16.649350649350648,-0.05413358883109772,-1.3327713910358956
2024-01-13,Edinburgh City,Falkirk,H,D,21.0,15.0,1.06,3.75,,,1.14,5.0,2,2,0.057681940700808454,22.21132075471698,15.865229110512129,1.121142857142857,-0.06006240249609985,-1.3928337935319954
2024-01-27,Edinburgh City,Annan Athletic,A,L,1.29,5.0,8.5,-1.5,1.75,2.05,1.36,3.0,3,0,0.09284085727314184,1.409764705882353,5.4642042863657085,9.289147286821706,-0.04502208630648998,-1.4378558798384855
2024-02-03,Edinburgh City,Kelty Hearts,H,L,8.5,6.5,1.22,2.0,1.8,2.0,1.33,3.25,0,3,0.09116534381722419,9.274905422446405,7.092574734811957,1.3312217194570135,-0.10765250771926896,-1.5455083875577544
2024-02-10,Edinburgh City,Montrose,A,L,1.14,6.5,15.0,-2.5,2.05,1.75,1.33,3.25,3,0,0.09770580296896081,1.2513846153846153,7.135087719298245,16.465587044534413,-0.10781781101291639,-1.6533261985706709
2024-02-13,Edinburgh City,Kelty Hearts,A,L,1.11,7.0,17.0,-2.25,1.88,1.98,1.4,2.75,3,2,0.10258157316980832,1.2238655462184873,7.718071012188658,18.743886743886744,-0.060732726825670026,-1.7140589253963407
2024-02-17,Edinburgh City,Queen of Sth,H,D,9.0,6.0,1.22,1.75,2.0,1.85,1.44,2.63,1,1,0.09744990892531868,9.87704918032787,6.584699453551912,1.3388888888888886,-0.05335072782202691,-1.7674096532183676
2024-02-24,Edinburgh City,Stirling,A,L,1.11,8.5,19.0,-2.25,1.8,2.05,1.36,3.0,4,0,0.0711795386717986,1.1890092879256966,9.105026078710289,20.352411234764176,-0.10124481327800829,-1.868654466496376
2024-03-02,Edinburgh City,Cove Rangers,H,L,7.5,5.25,1.29,1.5,2.03,1.83,1.4,2.75,0,2,0.099003322259136,8.24252491694352,5.7697674418604645,1.4177142857142855,-0.049134227314151804,-1.9177886938105277
2024-03-09,Edinburgh City,Hamilton,A,L,1.05,13.0,29.0,-3.25,2.03,1.83,1.22,4.0,1,0,0.06378678792471892,1.1169761273209549,13.829228243021346,30.84981684981685,-0.12132204756146718,-2.039110741371995
2024-03-16,Edinburgh City,Alloa,H,L,10.0,7.5,1.17,1.75,,,1.4,2.75,2,5,0.08803418803418817,10.880341880341883,8.16025641025641,1.273,-0.03241510330087865,-2.0715258446728737
2024-03-23,Edinburgh City,Falkirk,A,L,1.03,11.0,29.0,-3.5,1.9,1.95,1.2,4.33,4,1,0.09626563593754756,1.129153605015674,12.058921995313023,31.791703442188876,-0.09190887666928513,-2.163434721342159
2024-03-30,Edinburgh City,Kelty Hearts,A,L,1.3,5.25,6.5,-1.5,,,1.53,2.38,3,1,0.1135531135531136,1.4476190476190478,5.846153846153847,7.238095238095237,-0.03145474736257635,-2.194889468704735
2024-04-13,Edinburgh City,Queen of Sth,A,L,1.11,8.5,13.0,-2.25,,,1.36,3.0,2,0,0.09547103664750711,1.215972850678733,9.31150381150381,14.241123476417593,-0.13815789473684212,-2.3330473634415774
2024-04-16,Edinburgh City,Montrose,H,W,8.0,5.5,1.29,1.5,2.05,1.77,1.44,2.63,1,0,0.0820119802677941,8.656095842142353,5.951065891472868,1.3957954545454545,-0.0702191791017006,-2.4032665425432778
2024-04-20,Edinburgh City,Annan Athletic,H,L,6.0,6.0,1.29,1.25,,,1.36,3.0,1,2,0.10852713178294571,6.651162790697675,6.651162790697675,1.4300000000000002,0.8844744769193194,-1.5187920656239584
2024-04-27,Edinburgh City,Stirling,H,L,8.0,4.75,1.33,1.5,1.9,1.95,1.5,2.5,1,3,0.08740601503759393,8.699248120300751,5.165178571428571,1.44625,-0.15034965034965034,-1.6691417159736088
2024-05-04,Edinburgh City,Cove Rangers,A,L,1.25,5.0,9.0,-1.75,1.88,1.98,1.33,3.25,3,1,0.11111111111111116,1.3888888888888888,5.555555555555555,10.0,-0.11495246326707001,-1.7840941792406788
2023-08-05,Falkirk,Annan Athletic,H,W,1.44,3.8,7.0,,,,1.57,2.35,3,0,0.10045948203842925,1.5846616541353382,4.181746031746032,7.7032163742690045,0.0,0.0
2023-08-12,Falkirk,Cove Rangers,A,D,3.25,3.5,1.95,,,,1.85,1.95,2,2,0.1062271062271063,3.5952380952380953,3.871794871794872,2.157142857142857,0.36895046498386785,0.36895046498386785
2023-08-22,Falkirk,Stirling,H,W,1.65,4.0,4.75,-0.75,1.85,2.0,1.62,2.25,3,0,0.06658692185007986,1.7598684210526319,4.266347687400319,5.066287878787879,-0.4635761589403974,-0.09462569395652953
2023-08-26,Falkirk,Alloa,A,W,4.5,3.8,1.73,0.75,1.85,2.0,1.73,2.08,1,4,0.06341479903998914,4.785366595679951,4.040976236351959,1.839707602339181,0.4317757009345795,0.33715000697805
2023-09-02,Falkirk,Edinburgh City,A,W,5.75,4.2,1.44,1.25,1.93,1.93,1.53,2.4,0,2,0.10645272601794331,6.362103174603174,4.647101449275362,1.5932919254658384,0.456435360310245,0.793585367288295
2023-09-16,Falkirk,Queen of Sth,H,W,1.53,4.33,4.75,-1.0,1.9,1.9,1.7,2.1,1,0,0.09506796924839378,1.6754539929500423,4.741644306845545,5.201572853929871,0.3723686262279744,1.1659539935162693
2023-09-23,Falkirk,Kelty Hearts,A,W,4.5,4.0,1.55,1.0,1.83,2.03,1.67,2.15,1,5,0.11738351254480284,5.028225806451613,4.469534050179211,1.7319444444444445,0.40314684604424267,1.569100839560512
2023-09-30,Falkirk,Montrose,H,W,1.36,4.33,7.5,-1.25,1.85,2.0,1.62,2.25,3,2,0.0995743331974821,1.4954210931485759,4.761156862745097,8.246807498981116,0.42261427425821974,1.991715113818732
2023-10-07,Falkirk,Hamilton,H,D,1.85,3.4,3.75,-0.5,1.93,1.93,1.7,2.1,0,0,0.10132485426603055,2.037450980392157,3.744504504504504,4.129968203497615,0.33129203233684346,2.3230071461555752
2023-10-21,Falkirk,Stirling,A,W,5.25,4.2,1.5,1.0,1.98,1.88,1.62,2.25,1,2,0.09523809523809512,5.75,4.6,1.6428571428571428,-0.4908093542488692,1.832197791906706
2023-10-28,Falkirk,Alloa,H,W,1.29,6.0,9.0,-1.75,1.98,1.88,1.44,2.63,3,0,0.05297157622739013,1.3583333333333334,6.317829457364341,9.476744186046512,0.3913043478260869,2.223502139732793
2023-11-04,Falkirk,Queen of Sth,A,D,5.25,4.0,1.45,1.25,1.75,2.05,1.62,2.25,1,1,0.13013136288998362,5.933189655172415,4.5205254515599345,1.6386904761904761,0.2638036809815951,2.487305820714388
2023-11-11,Falkirk,Edinburgh City,H,W,1.14,8.0,12.0,-2.25,1.93,1.93,1.33,3.25,2,1,0.08552631578947367,1.2374999999999998,8.68421052631579,13.026315789473685,-0.6102433708681438,1.8770624498462443
2023-11-28,Falkirk,Montrose,A,D,7.0,4.75,1.4,1.5,1.73,2.08,1.57,2.35,0,0,0.06766917293233088,7.473684210526317,5.071428571428572,1.4947368421052631,0.19191919191919182,2.0689816417654363
2023-12-09,Falkirk,Kelty Hearts,H,W,1.3,5.75,10.0,-1.75,2.03,1.78,1.53,2.38,2,1,0.043143812709030005,1.3560869565217393,5.998076923076923,10.4314381270903,-0.6690140845070423,1.3999675572583938
2023-12-16,Falkirk,Hamilton,A,W,2.38,3.2,3.1,-0.25,2.05,1.8,2.0,1.85,1,3,0.055248712388181076,2.5114919354838707,3.3767958796421795,3.2712710084033616,0.26258416159025333,1.6625517188486472
2023-12-23,Falkirk,Annan Athletic,A,W,7.5,4.75,1.33,1.5,1.88,1.98,1.57,2.35,0,3,0.09573934837092724,8.218045112781954,5.204761904761904,1.4573333333333334,0.6943084209681304,2.3568601398167774
2023-12-30,Falkirk,Stirling,H,W,1.2,6.0,9.5,-1.75,1.83,2.03,1.5,2.5,5,0,0.10526315789473673,1.3263157894736841,6.63157894736842,10.499999999999998,0.3138151875571821,2.6706753273739596
2024-01-06,Falkirk,Queen of Sth,H,W,1.25,5.0,9.5,-1.75,2.03,1.83,1.53,2.38,1,0,0.10526315789473673,1.3815789473684208,5.526315789473683,10.499999999999998,0.24603174603174593,2.9167070734057057
2024-01-09,Falkirk,Cove Rangers,H,W,1.33,4.75,7.0,-1.25,1.75,2.05,1.65,2.2,4,0,0.10526315789473673,1.4699999999999998,5.249999999999999,7.7368421052631575,0.2761904761904761,3.1928975495961818
2024-01-13,Falkirk,Edinburgh City,A,D,21.0,15.0,1.06,3.75,,,1.14,5.0,2,2,0.057681940700808454,22.21132075471698,15.865229110512129,1.121142857142857,0.3197278911564625,3.512625440752644
2024-01-27,Falkirk,Alloa,A,W,6.5,4.2,1.4,1.25,1.95,1.9,1.62,2.25,0,5,0.1062271062271063,7.190476190476191,4.646153846153847,1.5487179487179488,-0.8919469928644241,2.62067844788822
2024-02-17,Falkirk,Hamilton,H,W,1.73,3.5,4.0,-0.75,2.03,1.83,1.88,1.98,3,2,0.1137489677952106,1.926785714285714,3.898121387283237,4.454995871180842,0.35430463576158944,2.9749830836498097
2024-02-20,Falkirk,Montrose,H,W,1.2,6.0,11.0,-2.0,2.05,1.8,1.5,2.5,3,0,0.09090909090909083,1.309090909090909,6.545454545454545,11.999999999999998,0.48100092678405926,3.455984010433869
2024-02-24,Falkirk,Kelty Hearts,A,W,6.5,5.25,1.36,1.5,1.83,2.03,1.57,2.35,0,1,0.07961646196940309,7.01750700280112,5.667986425339366,1.4682783882783883,0.23611111111111116,3.69209512154498
2024-03-02,Falkirk,Annan Athletic,H,D,1.14,8.0,11.0,-2.25,1.95,1.9,1.33,3.25,1,1,0.09310207336523124,1.2461363636363634,8.74481658692185,12.024122807017543,0.318930246482387,4.011025368027367
2024-03-05,Falkirk,Cove Rangers,A,W,5.75,4.5,1.45,1.25,1.85,2.0,1.57,2.35,0,1,0.08579043811427622,6.243295019157088,4.886056971514243,1.5743961352657003,-0.8024803939449209,3.208544974082446
2024-03-09,Falkirk,Stirling,A,W,6.5,4.75,1.36,1.25,2.03,1.83,1.62,2.25,1,2,0.09966658728268629,7.147832817337461,5.223416289592761,1.4955465587044534,0.3648358392144829,3.5733808132969287
2024-03-16,Falkirk,Queen of Sth,A,W,8.0,4.5,1.33,1.5,1.85,2.0,1.67,2.15,1,4,0.09910192147034236,8.792815371762739,4.945958646616541,1.4618055555555554,0.331348132106118,3.904728945403047
2024-03-23,Falkirk,Edinburgh City,H,W,1.03,11.0,29.0,-3.5,1.9,1.95,1.2,4.33,4,1,0.09626563593754756,1.129153605015674,12.058921995313023,31.791703442188876,0.31591448931116384,4.22064343471421
2024-03-30,Falkirk,Montrose,A,W,6.5,4.75,1.36,1.25,2.0,1.85,1.62,2.25,1,7,0.09966658728268629,7.147832817337461,5.223416289592761,1.4955465587044534,0.11438089950027774,4.335024334214489
2024-04-06,Falkirk,Cove Rangers,H,W,1.25,7.0,8.5,-1.75,1.9,1.95,1.44,2.63,5,1,0.060504201680672276,1.3256302521008403,7.423529411764706,9.014285714285714,0.331348132106118,4.666372466320606
2024-04-13,Falkirk,Hamilton,A,W,3.0,3.8,1.95,0.5,1.8,2.05,1.67,2.15,0,2,0.10931174089068829,3.3279352226720653,4.2153846153846155,2.163157894736842,0.24564183835182252,4.912014304672429
2024-04-20,Falkirk,Kelty Hearts,H,D,1.14,7.5,13.0,-2.25,1.9,1.95,1.33,3.25,2,2,0.08744939271255059,1.2396923076923076,8.15587044534413,14.136842105263156,0.5377128953771289,5.449727200049558
2024-04-27,Falkirk,Annan Athletic,A,D,4.75,4.75,1.45,1.25,1.85,2.0,1.44,2.63,3,3,0.1107078039927405,5.275862068965518,5.275862068965518,1.6105263157894736,-0.8066517746339043,4.643075425415653
2024-05-04,Falkirk,Alloa,H,D,1.22,6.5,8.5,-2.0,2.0,1.85,1.33,3.25,2,2,0.09116534381722419,1.3312217194570135,7.092574734811957,9.274905422446405,-0.6209150326797386,4.022160392735915
2023-08-05,Hamilton,Cove Rangers,H,W,1.95,3.75,3.0,,,,1.7,2.1,1,0,0.11282051282051286,2.17,4.173076923076923,3.3384615384615386,0.0,0.0
2023-08-12,Hamilton,Kelty Hearts,A,W,3.3,3.6,1.95,,,,1.75,2.05,0,2,0.09362859362859366,3.6089743589743586,3.9370629370629366,2.1325757575757573,0.5391705069124424,0.5391705069124424
2023-08-19,Hamilton,Edinburgh City,A,W,3.75,3.6,1.85,0.5,1.95,1.9,1.73,2.08,0,3,0.08498498498498508,4.068693693693694,3.905945945945946,2.0072222222222225,0.5310834813499111,1.0702539882623534
2023-08-26,Hamilton,Montrose,H,W,1.5,4.2,6.5,-1.25,2.03,1.78,1.7,2.1,1,0,0.0586080586080584,1.5879120879120876,4.4461538461538455,6.88095238095238,0.5017990589537781,1.5720530472161316
2023-09-02,Hamilton,Stirling,A,D,3.3,3.75,1.91,0.5,1.9,1.95,1.75,2.05,2,2,0.09325717912105347,3.6077486910994763,4.0997144217039505,2.0881212121212123,0.37024221453287187,1.9422952617490035
2023-09-16,Hamilton,Alloa,H,W,1.5,4.0,5.75,-1.0,1.9,1.95,1.67,2.15,2,1,0.0905797101449275,1.6358695652173914,4.36231884057971,6.270833333333334,-0.4788994021013525,1.463395859647651
2023-09-23,Hamilton,Queen of Sth,A,W,2.9,3.4,2.15,0.25,1.95,1.9,1.7,2.1,1,2,0.10406151233548755,3.2017783857729136,3.753809141940658,2.3737322515212984,0.38870431893687707,1.8521001785845281
2023-09-29,Hamilton,Annan Athletic,H,W,1.33,5.0,6.5,-1.5,1.98,1.88,1.48,2.6,5,0,0.10572585309427396,1.4706153846153844,5.528629265471369,7.18721804511278,0.5787224951933347,2.430822673777863
2023-10-07,Hamilton,Falkirk,A,D,1.85,3.4,3.75,-0.5,1.93,1.93,1.7,2.1,0,0,0.10132485426603055,2.037450980392157,3.744504504504504,4.129968203497615,0.32001255361439473,2.7508352273922574
2023-10-21,Hamilton,Edinburgh City,H,D,1.2,5.75,11.0,-2.0,1.95,1.9,1.4,2.75,1,1,0.09815546772068506,1.317786561264822,6.3143939393939394,12.079710144927537,-0.24213261476277548,2.508702612629482
2023-10-28,Hamilton,Montrose,A,W,4.5,3.8,1.73,0.75,1.98,1.88,1.62,2.25,0,3,0.06341479903998914,4.785366595679951,4.040976236351959,1.839707602339181,-0.7588482303539292,1.7498543822755528
2023-11-04,Hamilton,Cove Rangers,A,L,3.0,3.6,2.05,0.25,2.03,1.83,1.65,2.2,1,0,0.09891598915989164,3.2967479674796754,3.9560975609756097,2.2527777777777778,0.456435360310245,2.2062897425857977
2023-11-11,Hamilton,Stirling,H,W,1.4,4.33,7.5,-1.25,1.85,2.0,1.62,2.25,5,0,0.07856592983613764,1.5099923017705927,4.670190476190476,8.089244473771032,-0.4438964241676942,1.7623933184181035
2023-11-28,Hamilton,Annan Athletic,A,W,5.0,4.33,1.57,1.0,1.95,1.9,1.53,2.38,1,2,0.06788955737632563,5.339447786881627,4.62396178343949,1.6765866050808313,0.3377449680853233,2.100138286503427
2023-12-02,Hamilton,Queen of Sth,H,W,1.44,4.5,7.0,-1.25,2.0,1.85,1.62,2.25,5,0,0.059523809523809534,1.5257142857142858,4.767857142857143,7.416666666666667,0.40355004807414163,2.5036883345775687
2023-12-09,Hamilton,Alloa,A,D,5.25,4.0,1.5,1.0,2.0,1.85,1.7,2.1,0,0,0.1071428571428572,5.812500000000001,4.428571428571429,1.660714285714286,0.3445692883895132,2.8482576229670817
2023-12-16,Hamilton,Falkirk,H,L,2.38,3.2,3.1,-0.25,2.05,1.8,2.0,1.85,1,3,0.055248712388181076,2.5114919354838707,3.3767958796421795,3.2712710084033616,-0.6021505376344085,2.2461070853326732
2023-12-23,Hamilton,Kelty Hearts,H,D,1.33,5.0,7.0,-1.5,2.0,1.85,1.6,2.3,1,1,0.09473684210526301,1.456,5.473684210526314,7.663157894736842,-0.3981697037810067,1.8479373815516666
2024-01-13,Hamilton,Cove Rangers,H,W,1.55,4.33,4.5,-1.0,2.03,1.83,1.67,2.15,2,0,0.09833039476189276,1.7024121118809337,4.755770609318996,4.942486776428518,-0.6868131868131868,1.1611241947384796
2024-01-27,Hamilton,Montrose,H,D,1.3,4.75,9.0,-1.5,1.85,2.0,1.5,2.5,1,1,0.090868196131354,1.4181286549707603,5.181623931623932,9.817813765182187,0.4125981640866405,1.5737223588251203
2024-02-03,Hamilton,Queen of Sth,A,W,5.5,4.2,1.5,1.0,2.0,1.85,1.67,2.15,0,2,0.08658008658008653,5.976190476190475,4.5636363636363635,1.62987012987013,-0.7051546391752577,0.8685677196498626
2024-02-10,Hamilton,Annan Athletic,H,L,1.22,5.5,9.5,-1.75,1.9,1.95,1.5,2.5,2,3,0.10675347086045983,1.350239234449761,6.087144089732528,10.514157973174369,0.38645418326693226,1.2550219029167948
2024-02-17,Hamilton,Falkirk,A,L,1.73,3.5,4.0,-0.75,2.03,1.83,1.88,1.98,3,2,0.1137489677952106,1.926785714285714,3.898121387283237,4.454995871180842,-0.7406094968107724,0.5144124061060225
2024-02-24,Hamilton,Alloa,H,L,1.36,4.75,6.5,-1.25,1.83,2.03,1.65,2.2,1,2,0.09966658728268629,1.4955465587044534,5.223416289592761,7.147832817337461,-0.22446709916589433,0.2899453069401281
2024-02-27,Hamilton,Stirling,A,D,5.5,4.33,1.5,1.0,2.03,1.83,1.67,2.15,0,0,0.07943173070193854,5.9368745188606615,4.673939393939394,1.6191475960529078,-0.668651867893882,-0.3787065609537539
2024-03-02,Hamilton,Kelty Hearts,A,W,5.0,4.2,1.53,1.0,1.93,1.93,1.67,2.15,0,5,0.09169000933706828,5.458450046685342,4.585098039215687,1.6702857142857144,-0.6176089211618258,-0.9963154821155796
2024-03-09,Hamilton,Edinburgh City,H,W,1.05,13.0,29.0,-3.25,2.03,1.83,1.22,4.0,1,0,0.06378678792471892,1.1169761273209549,13.829228243021346,30.84981684981685,0.4013000342114267,-0.595015447904153
2024-03-16,Hamilton,Stirling,H,W,1.33,5.0,6.5,-1.5,2.0,1.85,1.57,2.35,3,0,0.10572585309427396,1.4706153846153844,5.528629265471369,7.18721804511278,0.10472571835668487,-0.4902897295474681
2024-03-23,Hamilton,Cove Rangers,A,W,3.75,3.4,1.8,0.5,2.03,1.8,1.75,2.05,1,3,0.11633986928104578,4.186274509803922,3.795555555555555,2.0094117647058822,0.32001255361439473,-0.17027717593307334
2024-03-30,Hamilton,Queen of Sth,H,D,1.36,4.5,7.0,-1.25,1.88,1.98,1.53,2.38,0,0,0.10037348272642377,1.4965079365079366,4.951680672268907,7.702614379084967,0.5023419203747073,0.3320647444416339
2024-04-06,Hamilton,Annan Athletic,A,W,4.2,4.75,1.55,1.0,1.9,1.95,1.53,2.38,1,3,0.09378284420729233,4.593887945670628,5.1954685099846385,1.6953634085213032,-0.6682223165040305,-0.3361575720623966
2024-04-13,Hamilton,Falkirk,H,L,3.0,3.8,1.95,0.5,1.8,2.05,1.67,2.15,0,2,0.10931174089068829,3.3279352226720653,4.2153846153846155,2.163157894736842,0.4101559612683864,0.07399838920598978
2024-04-20,Hamilton,Montrose,A,W,3.3,4.0,1.8,0.5,1.98,1.83,1.57,2.35,1,2,0.10858585858585856,3.658333333333333,4.434343434343434,1.9954545454545451,-0.30048661800486615,-0.22648822879887637
2024-04-27,Hamilton,Alloa,A,W,3.3,3.75,1.8,0.5,2.0,1.85,1.57,2.35,0,1,0.12525252525252517,3.7133333333333334,4.21969696969697,2.0254545454545454,0.49886104783599083,0.27237281903711447
2024-05-04,Hamilton,Kelty Hearts,H,W,1.6,3.8,4.75,-1.0,2.03,1.83,1.65,2.2,4,1,0.09868421052631571,1.7578947368421052,4.175,5.21875,0.5062836624775584,0.7786564815146728
2023-08-05,Kelty Hearts,Montrose,A,W,2.3,3.4,2.6,,,,1.8,2.0,0,2,0.11351564036986028,2.5610859728506785,3.7859531772575243,2.8951406649616374,0.0,0.0
2023-08-12,Kelty Hearts,Hamilton,H,L,3.3,3.6,1.95,,,,1.75,2.05,0,2,0.09362859362859366,3.6089743589743586,3.9370629370629366,2.1325757575757573,0.6545936395759717,0.6545936395759717
2023-08-19,Kelty Hearts,Alloa,H,W,2.3,3.5,2.7,0.0,1.8,2.05,1.9,1.95,2,1,0.09086726478030815,2.5089947089947082,3.818035426731079,2.945341614906832,-0.27708703374777977,0.37750660582819195
2023-08-26,Kelty Hearts,Stirling,A,L,1.91,3.6,3.8,-0.5,1.93,1.93,1.7,2.1,1,0,0.06449588193870359,2.0331871345029238,3.8321851749793328,4.045084351367074,0.6014339940953184,0.9789405999235103
2023-09-02,Kelty Hearts,Annan Athletic,H,D,1.67,4.0,4.0,-0.75,1.93,1.93,1.73,2.08,1,1,0.0988023952095809,1.8349999999999997,4.395209580838324,4.395209580838324,-0.24721363342201766,0.7317269665014927
2023-09-16,Kelty Hearts,Cove Rangers,A,D,1.91,3.6,3.4,-0.5,1.98,1.88,1.73,2.08,2,2,0.09545563426068515,2.0923202614379086,3.9436402833384667,3.7245491564863293,-0.5449591280653951,0.18676783843609757
2023-09-23,Kelty Hearts,Falkirk,H,L,4.5,4.0,1.55,1.0,1.83,2.03,1.67,2.15,1,5,0.11738351254480284,5.028225806451613,4.469534050179211,1.7319444444444445,-0.2684888715345568,-0.08172103309845924
2023-09-30,Kelty Hearts,Queen of Sth,H,W,2.7,3.5,2.25,0.0,2.08,1.73,1.67,2.15,3,1,0.10052910052910047,2.971428571428571,3.8518518518518516,2.4761904761904763,-0.19887730553327987,-0.2805983386317391
2023-10-07,Kelty Hearts,Edinburgh City,A,W,3.25,3.6,1.95,0.25,2.03,1.78,1.62,2.25,1,4,0.09829059829059839,3.569444444444444,3.953846153846154,2.1416666666666666,0.6634615384615384,0.3828631998297993
2023-10-21,Kelty Hearts,Alloa,A,L,2.15,3.3,3.0,-0.25,1.98,1.88,1.7,2.1,3,1,0.10147991543340384,2.3681818181818186,3.6348837209302327,3.3044397463002118,0.5330739299610895,0.9159371297908888
2023-10-28,Kelty Hearts,Stirling,H,W,2.1,3.6,3.25,-0.25,1.88,1.98,1.7,2.1,1,0,0.061660561660561664,2.2294871794871796,3.8219780219780217,3.450396825396825,-0.3026231605886116,0.6133139692022772
2023-11-04,Kelty Hearts,Annan Athletic,A,D,2.4,3.4,2.45,0.0,1.9,1.95,1.62,2.25,2,2,0.11894757903161257,2.68547418967587,3.804421768707483,2.741421568627451,0.5514663599769982,1.1647803291792753
2023-11-11,Kelty Hearts,Cove Rangers,H,L,2.4,3.6,2.3,0.0,1.98,1.88,1.62,2.25,0,1,0.12922705314009653,2.7101449275362315,4.065217391304347,2.5972222222222214,-0.364774251229325,0.8000060779499505
2023-11-18,Kelty Hearts,Queen of Sth,A,W,2.1,3.75,3.2,-0.25,1.85,2.0,1.62,2.25,1,3,0.05535714285714288,2.21625,3.957589285714286,3.377142857142857,-0.36898395721925137,0.43102212073069907
2023-12-09,Kelty Hearts,Falkirk,A,L,1.3,5.75,10.0,-1.75,2.03,1.78,1.53,2.38,2,1,0.043143812709030005,1.3560869565217393,5.998076923076923,10.4314381270903,0.7038917089678511,1.1349138296985501
2023-12-16,Kelty Hearts,Montrose,H,L,2.05,3.5,3.4,-0.25,1.85,2.0,1.75,2.05,0,1,0.06763681082188988,2.188655462184874,3.736728837876615,3.6299651567944258,-0.0958640589932671,1.039049770705283
2023-12-23,Kelty Hearts,Hamilton,A,D,1.33,5.0,7.0,-1.5,2.0,1.85,1.6,2.3,1,1,0.09473684210526301,1.456,5.473684210526314,7.663157894736842,-0.4569015166058744,0.5821482540994086
2024-01-06,Kelty Hearts,Cove Rangers,A,D,1.5,4.0,5.25,-1.0,1.9,1.95,1.65,2.2,2,2,0.1071428571428572,1.660714285714286,4.428571428571429,5.812500000000001,-0.1304945054945055,0.45165374860490315
2024-01-13,Kelty Hearts,Annan Athletic,H,D,1.8,3.8,3.6,-0.5,1.85,2.0,1.62,2.25,1,1,0.09649122807017552,1.9736842105263162,4.166666666666667,3.9473684210526323,-0.17204301075268816,0.27961073785221496
2024-01-27,Kelty Hearts,Stirling,A,L,2.25,3.4,2.75,0.0,1.73,2.08,1.95,1.9,5,0,0.10219845513963177,2.4799465240641716,3.747474747474748,3.0310457516339873,-0.5066666666666666,-0.22705592881445164
2024-02-03,Kelty Hearts,Edinburgh City,A,W,8.5,6.5,1.22,2.0,1.8,2.0,1.33,3.25,0,3,0.09116534381722419,9.274905422446405,7.092574734811957,1.3312217194570135,-0.32991913746630724,-0.5569750662807589
2024-02-10,Kelty Hearts,Queen of Sth,H,D,2.3,3.5,2.7,0.0,1.78,2.1,1.75,2.05,0,0,0.09086726478030815,2.5089947089947082,3.818035426731079,2.945341614906832,0.24881033310673006,-0.3081647331740288
2024-02-13,Kelty Hearts,Edinburgh City,H,W,1.11,7.0,17.0,-2.25,1.88,1.98,1.4,2.75,3,2,0.10258157316980832,1.2238655462184873,7.718071012188658,18.743886743886744,-0.39856600590468166,-0.7067307390787105
2024-02-17,Kelty Hearts,Montrose,A,L,2.05,3.5,3.1,-0.25,1.88,1.98,1.73,2.08,4,2,0.09609980892435654,2.247004608294931,3.836349331235248,3.397909407665505,0.18291678110409226,-0.5238139579746182
2024-02-24,Kelty Hearts,Falkirk,H,L,6.5,5.25,1.36,1.5,1.83,2.03,1.57,2.35,0,1,0.07961646196940309,7.01750700280112,5.667986425339366,1.4682783882783883,-0.294298605414274,-0.8181125633888922
2024-03-02,Kelty Hearts,Hamilton,H,L,5.0,4.2,1.53,1.0,1.93,1.93,1.67,2.15,0,5,0.09169000933706828,5.458450046685342,4.585098039215687,1.6702857142857144,-0.14250074842830057,-0.9606133118171928
2024-03-09,Kelty Hearts,Alloa,A,L,1.91,3.5,3.5,-0.5,1.9,1.95,1.53,2.38,3,0,0.09498878085265527,2.0914285714285716,3.832460732984294,3.832460732984294,-0.18320218953130343,-1.1438155013484963
2024-03-16,Kelty Hearts,Cove Rangers,H,L,2.8,3.6,2.2,0.25,1.9,1.95,1.62,2.25,0,1,0.08946608946608947,3.0505050505050506,3.922077922077922,2.396825396825397,-0.26092896174863384,-1.40474446309713
2024-03-19,Kelty Hearts,Alloa,H,W,3.5,3.6,1.91,0.5,1.93,1.93,1.67,2.15,2,1,0.08705227291614737,3.8046829552065162,3.9133881824981303,2.0762698412698417,-0.32781456953642385,-1.7325590326335538
2024-03-23,Kelty Hearts,Annan Athletic,A,L,2.05,3.5,2.9,-0.25,1.88,1.98,1.6,2.3,3,2,0.11834674996996286,2.2926108374384238,3.9142136248948702,3.243205574912892,0.7371660104736057,-0.9953930221599482
2024-03-30,Kelty Hearts,Edinburgh City,H,W,1.3,5.25,6.5,-1.5,,,1.53,2.38,3,1,0.1135531135531136,1.4476190476190478,5.846153846153847,7.238095238095237,-0.3083369144821659,-1.303729936642114
2024-04-06,Kelty Hearts,Queen of Sth,A,W,1.85,3.5,3.75,-0.5,1.93,1.93,1.57,2.35,1,2,0.09292149292149277,2.021904761904762,3.8252252252252252,4.0984555984555975,0.3092105263157896,-0.9945194103263244
2024-04-13,Kelty Hearts,Stirling,H,W,2.25,3.5,2.75,-0.25,2.05,1.8,1.7,2.1,1,0,0.09379509379509376,2.461038961038961,3.828282828282828,3.007936507936508,0.7560056523787093,-0.2385137579476151
2024-04-20,Kelty Hearts,Falkirk,A,D,1.14,7.5,13.0,-2.25,1.9,1.95,1.33,3.25,2,2,0.08744939271255059,1.2396923076923076,8.15587044534413,14.136842105263156,0.5936675461741425,0.35515378822652743
2024-04-27,Kelty Hearts,Montrose,H,L,2.4,3.6,2.4,0.0,1.9,1.95,1.67,2.15,0,2,0.11111111111111116,2.6666666666666665,4.0,2.6666666666666665,-0.07073715562174238,0.28441663260478506
2024-05-04,Kelty Hearts,Hamilton,A,L,1.6,3.8,4.75,-1.0,2.03,1.83,1.65,2.2,4,1,0.09868421052631571,1.7578947368421052,4.175,5.21875,-0.375,-0.09058336739521494
2023-08-05,Montrose,Kelty Hearts,H,L,2.3,3.4,2.6,,,,1.8,2.0,0,2,0.11351564036986028,2.5610859728506785,3.7859531772575243,2.8951406649616374,0.0,0.0
2023-08-12,Montrose,Annan Athletic,A,W,2.7,3.5,2.3,,,,1.9,1.9,1,3,0.09086726478030815,2.945341614906832,3.818035426731079,2.5089947089947082,-0.3904593639575972,-0.3904593639575972
2023-08-19,Montrose,Cove Rangers,H,L,2.4,3.5,2.6,0.0,1.85,2.0,1.73,2.08,0,3,0.08699633699633691,2.6087912087912084,3.804487179487179,2.826190476190476,0.6014339940953184,0.21097463013772116
2023-08-26,Montrose,Hamilton,A,L,1.5,4.2,6.5,-1.25,2.03,1.78,1.7,2.1,1,0,0.0586080586080584,1.5879120879120876,4.4461538461538455,6.88095238095238,-0.3833192923336142,-0.17234466219589306
2023-09-02,Montrose,Queen of Sth,A,W,1.67,3.75,4.5,-0.75,1.85,2.0,1.57,2.35,2,3,0.0876912840984696,1.816444444444444,4.078842315369261,4.894610778443113,-0.14532871972318342,-0.31767338191907646
2023-09-16,Montrose,Edinburgh City,H,W,1.67,3.5,4.5,-0.75,1.93,1.93,1.7,2.1,5,2,0.1067389031460888,1.8482539682539683,3.8735861610113114,4.9803250641574,0.7956936628333741,0.4780202809142976
2023-09-23,Montrose,Stirling,H,W,2.3,3.5,2.55,0.0,1.85,2.0,1.7,2.1,1,0,0.1126537571550359,2.5591036414565824,3.8942881500426254,2.8372670807453413,0.45894881484026107,0.9369690957545587
2023-09-30,Montrose,Falkirk,A,L,1.36,4.33,7.5,-1.25,1.85,2.0,1.62,2.25,3,2,0.0995743331974821,1.4954210931485759,4.761156862745097,8.246807498981116,0.6092381786339754,1.546207274388534
2023-10-07,Montrose,Alloa,H,W,1.91,3.6,3.3,-0.5,1.98,1.88,1.67,2.15,2,1,0.10436829023216454,2.109343434343434,3.975725844835792,3.644415357766143,-0.12125904480291905,1.424948229585615
2023-10-28,Montrose,Hamilton,H,L,4.5,3.8,1.73,0.75,1.98,1.88,1.62,2.25,0,3,0.06341479903998914,4.785366595679951,4.040976236351959,1.839707602339181,0.5259188315575242,1.9508670611431391
2023-11-04,Montrose,Edinburgh City,A,W,3.2,3.8,1.85,0.5,1.85,2.0,1.57,2.35,1,5,0.11619843527738238,3.571834992887624,4.2415540540540535,2.064967105263158,-0.20897040592517244,1.7418966552179669
2023-11-11,Montrose,Annan Athletic,H,D,1.83,3.6,3.4,-0.5,1.93,1.93,1.5,2.5,1,1,0.1183435122682952,2.0465686274509807,4.026036644165862,3.8023679417122036,0.5157307845479888,2.2576274397659555
2023-11-14,Montrose,Cove Rangers,A,L,1.7,3.75,4.2,-0.75,1.98,1.88,1.67,2.15,1,0,0.09299719887955193,1.8580952380952382,4.09873949579832,4.590588235294118,-0.4886227544910179,1.7690046852749377
2023-11-28,Montrose,Falkirk,H,D,7.0,4.75,1.4,1.5,1.73,2.08,1.57,2.35,0,0,0.06766917293233088,7.473684210526317,5.071428571428572,1.4947368421052631,-0.2178370066632496,1.5511676786116881
2023-12-09,Montrose,Queen of Sth,H,L,1.95,3.6,3.6,-0.5,1.98,1.88,1.65,2.2,1,4,0.06837606837606858,2.0833333333333335,3.8461538461538467,3.8461538461538467,-0.13380281690140844,1.4173648617102796
2023-12-16,Montrose,Kelty Hearts,A,W,2.05,3.5,3.4,-0.25,1.85,2.0,1.75,2.05,0,1,0.06763681082188988,2.188655462184874,3.736728837876615,3.6299651567944258,-0.48,0.9373648617102797
2023-12-23,Montrose,Alloa,A,D,2.2,3.3,2.9,-0.25,1.95,1.9,1.75,2.05,2,2,0.10240334378265414,2.425287356321839,3.6379310344827585,3.196969696969697,0.7245152620464581,1.6618801237567378
2023-12-30,Montrose,Cove Rangers,H,D,3.1,3.6,1.95,0.5,1.83,2.03,1.67,2.15,1,1,0.11317893575958093,3.450854700854701,4.007444168734492,2.1706989247311825,-0.3127962085308057,1.3490839152259322
2024-01-06,Montrose,Annan Athletic,A,D,2.38,3.4,2.63,0.0,1.8,2.05,1.65,2.2,2,2,0.09451385116784361,2.604942965779468,3.721347093970668,2.8785714285714286,-0.2897832817337461,1.059300633492186
2024-01-13,Montrose,Stirling,H,L,1.95,4.0,3.1,-0.25,1.78,2.03,1.73,2.08,0,1,0.08540115798180326,2.116532258064516,4.341604631927213,3.3647435897435902,-0.34739454094292804,0.711906092549258
2024-01-27,Montrose,Hamilton,A,D,1.3,4.75,9.0,-1.5,1.85,2.0,1.5,2.5,1,1,0.090868196131354,1.4181286549707603,5.181623931623932,9.817813765182187,-0.47247094684701857,0.23943514570223934
2024-02-06,Montrose,Stirling,A,W,2.25,3.2,2.9,-0.25,2.03,1.83,2.03,1.83,0,2,0.101772030651341,2.4789870689655173,3.5256704980842914,3.1951388888888888,-0.10185567010309278,0.13757947559914657
2024-02-10,Montrose,Edinburgh City,H,W,1.14,6.5,15.0,-2.5,2.05,1.75,1.33,3.25,3,0,0.09770580296896081,1.2513846153846153,7.135087719298245,16.465587044534413,0.6870245598782874,0.824604035477434
2024-02-17,Montrose,Kelty Hearts,H,W,2.05,3.5,3.1,-0.25,1.88,1.98,1.73,2.08,4,2,0.09609980892435654,2.247004608294931,3.836349331235248,3.397909407665505,0.20088517334644695,1.025489208823881
2024-02-20,Montrose,Falkirk,A,L,1.2,6.0,11.0,-2.0,2.05,1.8,1.5,2.5,3,0,0.09090909090909083,1.309090909090909,6.545454545454545,11.999999999999998,0.554963084495488,1.580452293319369
2024-02-24,Montrose,Queen of Sth,A,W,1.95,3.6,3.2,-0.5,2.05,1.8,1.67,2.15,2,3,0.10309829059829068,2.1510416666666665,3.971153846153846,3.5299145299145303,-0.08333333333333334,1.4971189599860357
2024-03-02,Montrose,Alloa,H,W,2.1,3.4,3.0,-0.25,1.95,1.9,1.85,2.0,4,3,0.10364145658263291,2.317647058823529,3.752380952380952,3.310924369747899,0.7167070217917676,2.213825981777803
2024-03-09,Montrose,Cove Rangers,A,W,1.91,4.0,3.25,-0.5,1.95,1.9,1.6,2.3,1,4,0.08125251711639159,2.0651923076923078,4.325010068465566,3.5140706806282727,0.5685279187817258,2.782353900559529
2024-03-16,Montrose,Annan Athletic,H,D,1.75,3.5,4.0,-0.75,2.03,1.83,1.67,2.15,1,1,0.1071428571428572,1.9375,3.875,4.428571428571429,0.7154297420616444,3.4977836426211733
2024-03-23,Montrose,Stirling,A,L,2.4,3.5,2.45,0.0,1.9,1.95,1.73,2.08,1,0,0.11054421768707479,2.665306122448979,3.886904761904762,2.7208333333333337,-0.5161290322580645,2.981654610363109
2024-03-30,Montrose,Falkirk,H,L,6.5,4.75,1.36,1.25,2.0,1.85,1.62,2.25,1,7,0.09966658728268629,7.147832817337461,5.223416289592761,1.4955465587044534,-0.36753445635528326,2.614120154007826
2024-04-13,Montrose,Alloa,A,D,1.91,3.8,3.3,-0.5,1.98,1.88,1.67,2.15,0,0,0.0897484071912289,2.0814194577352474,4.14104394732667,3.596169743731055,-0.13990254466702762,2.474217609340798
2024-04-16,Montrose,Edinburgh City,A,L,8.0,5.5,1.29,1.5,2.05,1.77,1.44,2.63,1,0,0.0820119802677941,8.656095842142353,5.951065891472868,1.3957954545454545,-0.27807363702540133,2.196143972315397
2024-04-20,Montrose,Hamilton,H,L,3.3,4.0,1.8,0.5,1.98,1.83,1.57,2.35,1,2,0.10858585858585856,3.658333333333333,4.434343434343434,1.9954545454545451,-0.7164373524383294,1.4797066198770674
2024-04-27,Montrose,Kelty Hearts,A,W,2.4,3.6,2.4,0.0,1.9,1.95,1.67,2.15,0,2,0.11111111111111116,2.6666666666666665,4.0,2.6666666666666665,-0.2733485193621868,1.2063581005148807
2024-05-04,Montrose,Queen of Sth,H,W,2.4,3.6,2.45,0.0,1.9,1.95,1.73,2.08,3,2,0.10260770975056688,2.6462585034013606,3.969387755102041,2.7013888888888893,0.625,1.8313581005148807
2023-08-05,Queen of Sth,Alloa,H,L,1.85,3.8,3.25,-0.5,1.95,1.9,1.73,2.08,3,4,0.11139074296969032,2.0560728744939274,4.223284823284823,3.6120199146514937,0.0,0.0
2023-08-12,Queen of Sth,Edinburgh City,A,W,3.0,3.5,2.1,,,,1.7,2.1,1,2,0.09523809523809534,3.285714285714286,3.8333333333333344,2.3000000000000003,-0.48636408388303626,-0.48636408388303626
2023-08-19,Queen of Sth,Annan Athletic,H,W,1.6,4.0,4.75,-1.0,2.0,1.85,1.62,2.25,3,1,0.08552631578947367,1.7368421052631577,4.342105263157895,5.15625,0.5652173913043479,0.07885330742131164
2023-08-26,Queen of Sth,Cove Rangers,A,W,2.1,3.5,3.3,-0.25,1.85,2.0,1.7,2.1,1,2,0.06493506493506485,2.2363636363636363,3.727272727272727,3.514285714285714,0.4242424242424242,0.5030957316637359
2023-09-02,Queen of Sth,Montrose,H,L,1.67,3.75,4.5,-0.75,1.85,2.0,1.57,2.35,2,3,0.0876912840984696,1.816444444444444,4.078842315369261,4.894610778443113,0.7154471544715446,1.2185428861352805
2023-09-16,Queen of Sth,Falkirk,A,L,1.53,4.33,4.75,-1.0,1.9,1.9,1.7,2.1,1,0,0.09506796924839378,1.6754539929500423,4.741644306845545,5.201572853929871,-0.5505260582334232,0.6680168279018573
2023-09-23,Queen of Sth,Hamilton,H,L,2.9,3.4,2.15,0.25,1.95,1.9,1.7,2.1,1,2,0.10406151233548755,3.2017783857729136,3.753809141940658,2.3737322515212984,-0.19224954222153864,0.4757672856803187
2023-09-30,Queen of Sth,Kelty Hearts,A,L,2.7,3.5,2.25,0.0,2.08,1.73,1.67,2.15,3,1,0.10052910052910047,2.971428571428571,3.8518518518518516,2.4761904761904763,-0.31232642597735527,0.1634408597029634
2023-10-07,Queen of Sth,Stirling,H,L,1.83,3.75,3.6,-0.5,1.93,1.93,1.62,2.25,0,1,0.09089253187613844,1.9963333333333333,4.09084699453552,3.927213114754098,-0.40384615384615385,-0.24040529414319045
2023-10-21,Queen of Sth,Annan Athletic,A,W,2.8,3.6,2.25,0.25,1.8,2.0,1.6,2.3,0,1,0.0793650793650793,3.0222222222222217,3.8857142857142852,2.428571428571429,-0.5009183503088996,-0.7413236444520901
2023-10-28,Queen of Sth,Cove Rangers,H,L,2.5,3.5,2.63,0.0,1.9,1.95,1.67,2.15,0,1,0.06594242259641492,2.664856056491037,3.730798479087453,2.803428571428571,0.5882352941176471,-0.153088350334443
2023-11-04,Queen of Sth,Falkirk,H,D,5.25,4.0,1.45,1.25,1.75,2.05,1.62,2.25,1,1,0.13013136288998362,5.933189655172415,4.5205254515599345,1.6386904761904761,-0.3752547900529964,-0.5283431403874395
2023-11-11,Queen of Sth,Alloa,A,L,2.55,3.2,2.45,0.0,2.0,1.85,1.7,2.1,1,0,0.11282012805122044,2.8376913265306114,3.561024409763905,2.7264093137254903,-0.168543407192154,-0.6968865475795933
2023-11-18,Queen of Sth,Kelty Hearts,H,L,2.1,3.75,3.2,-0.25,1.85,2.0,1.62,2.25,1,3,0.05535714285714288,2.21625,3.957589285714286,3.377142857142857,-0.3667827845825373,-1.0636693321621307
2023-12-02,Queen of Sth,Hamilton,A,L,1.44,4.5,7.0,-1.25,2.0,1.85,1.62,2.25,5,0,0.059523809523809534,1.5257142857142858,4.767857142857143,7.416666666666667,-0.4512126339537507,-1.5148819661158814
2023-12-09,Queen of Sth,Montrose,A,W,1.95,3.6,3.6,-0.5,1.98,1.88,1.65,2.2,1,4,0.06837606837606858,2.0833333333333335,3.8461538461538467,3.8461538461538467,-0.1348314606741573,-1.6497134267900386
2023-12-16,Queen of Sth,Edinburgh City,H,W,1.13,7.0,17.0,-2.0,1.73,2.15,1.44,2.63,3,1,0.08663642448129694,1.2278991596638655,7.606454971369078,18.47281921618205,0.74,-0.9097134267900387
2023-12-23,Queen of Sth,Stirling,A,D,2.2,3.4,2.9,-0.25,2.0,1.85,1.73,2.08,1,1,0.09349068781117476,2.4056795131845847,3.717868338557994,3.1711229946524067,0.1856008759923351,-0.7241125507977036
2023-12-30,Queen of Sth,Annan Athletic,H,W,1.6,3.75,4.5,-0.75,1.83,2.03,1.65,2.2,2,1,0.11388888888888893,1.7822222222222222,4.177083333333333,5.0125,-0.3153456998313659,-1.0394582506290695
2024-01-06,Queen of Sth,Falkirk,A,L,1.25,5.0,9.5,-1.75,2.03,1.83,1.53,2.38,1,0,0.10526315789473673,1.3815789473684208,5.526315789473683,10.499999999999998,0.4389027431421446,-0.6005555074869249
2024-01-13,Queen of Sth,Alloa,H,D,2.1,3.4,2.88,-0.25,1.9,1.95,1.75,2.05,1,1,0.11753034547152197,2.346813725490196,3.7996031746031744,3.2184873949579833,-0.09523809523809526,-0.6957936027250202
2024-01-27,Queen of Sth,Cove Rangers,A,W,1.65,3.8,4.0,-0.75,1.93,1.93,1.67,2.15,0,2,0.11921850079744822,1.8467105263157897,4.253030303030304,4.476874003189793,-0.4261096605744126,-1.1219032632994328
2024-02-03,Queen of Sth,Hamilton,H,L,5.5,4.2,1.5,1.0,2.0,1.85,1.67,2.15,0,2,0.08658008658008653,5.976190476190475,4.5636363636363635,1.62987012987013,0.7766298539365871,-0.3452734093628457
2024-02-10,Queen of Sth,Kelty Hearts,A,D,2.3,3.5,2.7,0.0,1.78,2.1,1.75,2.05,0,0,0.09086726478030815,2.5089947089947082,3.818035426731079,2.945341614906832,-0.16733067729083667,-0.5126040866536823
2024-02-17,Queen of Sth,Edinburgh City,A,D,9.0,6.0,1.22,1.75,2.0,1.85,1.44,2.63,1,1,0.09744990892531868,9.87704918032787,6.584699453551912,1.3388888888888886,-0.33951919021509913,-0.8521232768687814
2024-02-24,Queen of Sth,Montrose,H,L,1.95,3.6,3.2,-0.5,2.05,1.8,1.67,2.15,2,3,0.10309829059829068,2.1510416666666665,3.971153846153846,3.5299145299145303,-0.7468879668049794,-1.599011243673761
2024-03-02,Queen of Sth,Stirling,H,D,2.15,3.3,3.0,-0.25,1.95,1.9,1.83,2.03,2,2,0.10147991543340384,2.3681818181818186,3.6348837209302327,3.3044397463002118,-0.4648910411622276,-2.0639022848359887
2024-03-09,Queen of Sth,Annan Athletic,A,L,2.88,3.5,2.15,0.25,1.85,2.0,1.53,2.38,2,1,0.09805278700627529,3.1623920265780727,3.8431847545219635,2.360813492063492,-0.4222648752399231,-2.4861671600759117
2024-03-16,Queen of Sth,Falkirk,H,L,8.0,4.5,1.33,1.5,1.85,2.0,1.67,2.15,1,4,0.09910192147034236,8.792815371762739,4.945958646616541,1.4618055555555554,-0.42358280455519604,-2.9097499646311076
2024-03-23,Queen of Sth,Alloa,A,W,1.8,3.5,3.8,-0.5,1.83,2.03,1.7,2.1,0,2,0.10442773600668342,1.98796992481203,3.865497076023392,4.196825396825397,-0.11372921615201902,-3.0234791807831267
2024-03-30,Queen of Sth,Hamilton,A,D,1.36,4.5,7.0,-1.25,1.88,1.98,1.53,2.38,0,0,0.10037348272642377,1.4965079365079366,4.951680672268907,7.702614379084967,0.7617246596066566,-2.2617545211764702
2024-04-06,Queen of Sth,Kelty Hearts,H,L,1.85,3.5,3.75,-0.5,1.93,1.93,1.57,2.35,1,2,0.09292149292149277,2.021904761904762,3.8252252252252252,4.0984555984555975,-0.12982605006364023,-2.3915805712401106
2024-04-13,Queen of Sth,Edinburgh City,H,W,1.11,8.5,13.0,-2.25,,,1.36,3.0,2,0,0.09547103664750711,1.215972850678733,9.31150381150381,14.241123476417593,-0.49458313707018364,-2.886163708310294
2024-04-20,Queen of Sth,Stirling,A,D,2.4,3.75,2.3,0.0,1.95,1.9,1.73,2.08,0,0,0.11811594202898545,2.683478260869565,4.192934782608695,2.5716666666666663,0.1776132177278309,-2.7085504905824633
2024-04-27,Queen of Sth,Cove Rangers,H,W,1.57,4.33,4.0,-0.75,1.78,2.03,1.57,2.35,2,0,0.11788955737632567,1.7550866050808314,4.8404617834394905,4.471558229505303,-0.388852883992223,-3.0974033745746863
2024-05-04,Queen of Sth,Montrose,A,L,2.4,3.6,2.45,0.0,1.9,1.95,1.73,2.08,3,2,0.10260770975056688,2.6462585034013606,3.969387755102041,2.7013888888888893,0.43022754711643163,-2.6671758274582547
2023-08-05,Stirling,Edinburgh City,H,W,1.75,3.8,3.75,,,,1.7,2.1,1,0,0.10125313283208004,1.9271929824561402,4.1847619047619045,4.129699248120301,0.0,0.0
2023-08-12,Stirling,Alloa,A,W,2.1,3.5,3.0,,,,1.7,2.1,0,1,0.09523809523809512,2.3,3.8333333333333335,3.2857142857142856,0.4811106053709604,0.4811106053709604
2023-08-22,Stirling,Falkirk,A,L,1.65,4.0,4.75,-0.75,1.85,2.0,1.62,2.25,3,0,0.06658692185007986,1.7598684210526319,4.266347687400319,5.066287878787879,0.6956521739130435,1.1767627792840039
2023-08-26,Stirling,Kelty Hearts,H,W,1.91,3.6,3.8,-0.5,1.93,1.93,1.7,2.1,1,0,0.06449588193870359,2.0331871345029238,3.8321851749793328,4.045084351367074,-0.19738317757009347,0.9793796017139104
2023-09-02,Stirling,Hamilton,H,D,3.3,3.75,1.91,0.5,1.9,1.95,1.75,2.05,2,2,0.09325717912105347,3.6077486910994763,4.0997144217039505,2.0881212121212123,0.508161357589703,1.4875409593036135
2023-09-16,Stirling,Annan Athletic,A,L,2.7,3.3,2.4,0.0,2.03,1.83,1.7,2.1,3,0,0.09006734006734018,2.943181818181819,3.5972222222222223,2.6161616161616164,-0.27718116909502527,1.210359790208588
2023-09-23,Stirling,Montrose,A,L,2.3,3.5,2.55,0.0,1.85,2.0,1.7,2.1,1,0,0.1126537571550359,2.5591036414565824,3.8942881500426254,2.8372670807453413,-0.3822393822393822,0.8281204079692059
2023-09-30,Stirling,Cove Rangers,H,D,2.38,3.3,2.7,0.0,1.83,2.03,1.85,2.0,2,2,0.09356874062756404,2.602693602693602,3.608776844070961,2.9526355996944234,-0.35245183887915943,0.4756685690900465
2023-10-07,Stirling,Queen of Sth,A,W,1.83,3.75,3.6,-0.5,1.93,1.93,1.62,2.25,0,1,0.09089253187613844,1.9963333333333333,4.09084699453552,3.927213114754098,-0.3842173350582148,0.0914512340318317
2023-10-21,Stirling,Falkirk,H,L,5.25,4.2,1.5,1.0,1.98,1.88,1.62,2.25,1,2,0.09523809523809512,5.75,4.6,1.6428571428571428,0.7453665052596427,0.8368177392914744
2023-10-28,Stirling,Kelty Hearts,A,L,2.1,3.6,3.25,-0.25,1.88,1.98,1.7,2.1,1,0,0.061660561660561664,2.2294871794871796,3.8219780219780217,3.450396825396825,-0.17391304347826086,0.6629046958132134
2023-11-04,Stirling,Alloa,H,L,2.1,3.5,2.8,-0.25,1.9,1.95,1.75,2.05,0,2,0.11904761904761907,2.35,3.916666666666667,3.1333333333333333,-0.2898217366302473,0.37308295918296613
2023-11-11,Stirling,Hamilton,A,L,1.4,4.33,7.5,-1.25,1.85,2.0,1.62,2.25,5,0,0.07856592983613764,1.5099923017705927,4.670190476190476,8.089244473771032,-0.425531914893617,-0.05244895571065089
2023-11-18,Stirling,Cove Rangers,A,L,1.67,4.33,4.33,-1.0,2.1,1.7,1.7,2.1,3,1,0.06069615964376096,1.7713625866050806,4.592814371257485,4.592814371257485,-0.12362093929073965,-0.17606989500139053
2023-12-09,Stirling,Edinburgh City,A,W,7.0,4.2,1.5,1.0,2.0,1.85,1.65,2.2,1,3,0.04761904761904745,7.333333333333332,4.3999999999999995,1.5714285714285712,-0.21773142112125163,-0.3938013161226422
2023-12-16,Stirling,Annan Athletic,H,D,1.85,3.6,4.0,-0.5,1.93,1.93,1.75,2.05,1,1,0.06831831831831825,1.9763888888888892,3.845945945945945,4.273273273273273,0.36363636363636354,-0.03016495248627865
2023-12-23,Stirling,Queen of Sth,H,D,2.2,3.4,2.9,-0.25,2.0,1.85,1.73,2.08,1,1,0.09349068781117476,2.4056795131845847,3.717868338557994,3.1711229946524067,-0.5059732958538299,-0.5361382483401085
2023-12-30,Stirling,Falkirk,A,L,1.2,6.0,9.5,-1.75,1.83,2.03,1.5,2.5,5,0,0.10526315789473673,1.3263157894736841,6.63157894736842,10.499999999999998,-0.41568296795952775,-0.9518212162996362
2024-01-13,Stirling,Montrose,A,W,1.95,4.0,3.1,-0.25,1.78,2.03,1.73,2.08,0,1,0.08540115798180326,2.116532258064516,4.341604631927213,3.3647435897435902,-0.09523809523809526,-1.0470593115377316
2024-01-27,Stirling,Kelty Hearts,H,W,2.25,3.4,2.75,0.0,1.73,2.08,1.95,1.9,5,0,0.10219845513963177,2.4799465240641716,3.747474747474748,3.0310457516339873,0.7028005334349401,-0.3442587781027914
2024-02-03,Stirling,Cove Rangers,H,D,3.2,3.8,1.95,0.5,1.88,1.98,1.73,2.08,2,2,0.08847840755735481,3.4831309041835357,4.136217948717949,2.1225328947368416,0.5967654986522912,0.25250672054949985
2024-02-06,Stirling,Montrose,H,L,2.25,3.2,2.9,-0.25,2.03,1.83,2.03,1.83,0,2,0.101772030651341,2.4789870689655173,3.5256704980842914,3.1951388888888888,-0.28709802402169704,-0.03459130347219719
2024-02-10,Stirling,Alloa,A,L,2.1,3.3,3.1,-0.25,1.93,1.93,1.83,2.03,1,0,0.10180142438206952,2.313782991202346,3.6359447004608296,3.4155844155844157,-0.4033905672679852,-0.4379818707401824
2024-02-17,Stirling,Annan Athletic,A,L,2.63,3.5,2.3,0.0,2.1,1.78,1.7,2.1,2,1,0.10072503129206734,2.894906832298137,3.8525376095222357,2.5316675719717545,-0.29277566539923955,-0.730757536139422
2024-02-24,Stirling,Edinburgh City,H,W,1.11,8.5,19.0,-2.25,1.8,2.05,1.36,3.0,4,0,0.0711795386717986,1.1890092879256966,9.105026078710289,20.352411234764176,-0.39499656711294195,-1.125754103252364
2024-02-27,Stirling,Hamilton,H,D,5.5,4.33,1.5,1.0,2.03,1.83,1.67,2.15,0,0,0.07943173070193854,5.9368745188606615,4.673939393939394,1.6191475960529078,0.15896367660460875,-0.9667904266477552
2024-03-02,Stirling,Queen of Sth,A,D,2.15,3.3,3.0,-0.25,1.95,1.9,1.83,2.03,2,2,0.10147991543340384,2.3681818181818186,3.6348837209302327,3.3044397463002118,-0.16843879668049794,-1.135229223328253
2024-03-09,Stirling,Falkirk,H,L,6.5,4.75,1.36,1.25,2.03,1.83,1.62,2.25,1,2,0.09966658728268629,7.147832817337461,5.223416289592761,1.4955465587044534,-0.3026231605886116,-1.4378523839168647
2024-03-16,Stirling,Hamilton,A,L,1.33,5.0,6.5,-1.5,2.0,1.85,1.57,2.35,3,0,0.10572585309427396,1.4706153846153844,5.528629265471369,7.18721804511278,-0.13990254466702762,-1.5777549285838923
2024-03-23,Stirling,Montrose,H,W,2.4,3.5,2.45,0.0,1.9,1.95,1.73,2.08,1,0,0.11054421768707479,2.665306122448979,3.886904761904762,2.7208333333333337,-0.13913589287582387,-1.7168908214597163
2024-03-30,Stirling,Cove Rangers,A,L,2.0,3.5,3.2,-0.5,2.03,1.78,1.67,2.15,4,2,0.09821428571428559,2.196428571428571,3.8437499999999996,3.514285714285714,0.6248085758039816,-1.0920822456557344
2024-04-06,Stirling,Alloa,H,L,2.45,3.6,2.5,0.0,1.9,1.95,1.7,2.1,1,5,0.08594104308390005,2.6605555555555553,3.9093877551020397,2.7148526077097497,-0.28455284552845533,-1.3766350911841898
2024-04-13,Stirling,Kelty Hearts,A,L,2.25,3.5,2.75,-0.25,2.05,1.8,1.7,2.1,1,0,0.09379509379509376,2.461038961038961,3.828282828282828,3.007936507936508,-0.375861348924619,-1.7524964401088088
2024-04-20,Stirling,Queen of Sth,H,D,2.4,3.75,2.3,0.0,1.95,1.9,1.73,2.08,0,0,0.11811594202898545,2.683478260869565,4.192934782608695,2.5716666666666663,-0.3324538258575198,-2.0849502659663286
2024-04-27,Stirling,Edinburgh City,A,W,8.0,4.75,1.33,1.5,1.9,1.95,1.5,2.5,1,3,0.08740601503759393,8.699248120300751,5.165178571428571,1.44625,-0.372650680492547,-2.4576009464588755
2024-05-04,Stirling,Annan Athletic,H,D,2.0,3.5,3.2,-0.25,1.78,2.03,1.65,2.2,1,1,0.09821428571428559,2.196428571428571,3.8437499999999996,3.514285714285714,0.30855661192739847,-2.149044334531477
